year,month,day,hour,minute,second,orange,apple,banana
2020,4,16,12,33,20,0,3,0
2020,4,16,12,33,20,0,3,0
2020,4,16,12,33,20,0,3,0
2020,4,16,12,33,21,0,3,0
2020,4,16,12,33,21,0,3,0
2020,4,16,12,33,21,0,3,0
2020,4,16,12,33,21,0,3,0
2020,4,16,12,33,21,0,3,0
2020,4,16,12,33,21,0,3,0
2020,4,16,12,33,21,0,3,0
2020,4,16,12,33,21,0,3,0
2020,4,16,12,33,21,0,3,0
2020,4,16,12,33,21,0,3,0
2020,4,16,12,33,21,0,3,0
2020,4,16,12,33,21,0,3,0
2020,4,16,12,33,21,0,3,0
2020,4,16,12,33,21,0,3,0
2020,4,16,12,33,21,0,3,0
2020,4,16,12,33,21,0,3,0
2020,4,16,12,33,21,0,3,0
2020,4,16,12,33,21,0,3,0
2020,4,16,12,33,21,0,3,0
2020,4,16,12,33,21,0,3,0
2020,4,16,12,33,21,0,3,0
2020,4,16,12,33,21,0,3,0
2020,4,16,12,33,21,0,3,0
2020,4,16,12,33,21,0,3,0
2020,4,16,12,33,21,0,3,0
2020,4,16,12,33,21,0,3,0
2020,4,16,12,33,21,0,3,0
2020,4,16,12,33,22,0,3,0
2020,4,16,12,33,22,0,3,0
2020,4,16,12,33,22,0,3,0
2020,4,16,12,33,22,0,3,0
2020,4,16,12,33,22,0,3,0
2020,4,16,12,33,22,0,3,0
2020,4,16,12,33,22,0,3,0
2020,4,16,12,33,22,0,3,0
2020,4,16,12,33,22,0,3,0
2020,4,16,12,33,22,0,3,0
2020,4,16,12,33,22,0,3,0
2020,4,16,12,33,22,0,3,0
2020,4,16,12,33,22,0,3,0
2020,4,16,12,33,22,0,3,0
2020,4,16,12,33,22,0,3,0
2020,4,16,12,33,22,0,3,0
2020,4,16,12,33,22,0,3,0
2020,4,16,12,33,22,0,3,0
2020,4,16,12,33,22,0,3,0
2020,4,16,12,33,22,0,3,0
2020,4,16,12,33,22,0,3,0
2020,4,16,12,33,22,0,3,0
2020,4,16,12,33,22,0,3,0
2020,4,16,12,33,22,0,3,0
2020,4,16,12,33,22,0,3,0
2020,4,16,12,33,22,0,3,0
2020,4,16,12,33,22,0,3,0
2020,4,16,12,33,23,0,3,0
2020,4,16,12,33,23,0,3,0
2020,4,16,12,33,23,0,3,0
2020,4,16,12,33,23,0,3,0
2020,4,16,12,33,23,0,3,0
2020,4,16,12,33,23,0,3,0
2020,4,16,12,33,23,0,3,0
2020,4,16,12,33,23,0,3,0
2020,4,16,12,33,23,0,3,0
2020,4,16,12,33,23,0,3,0
2020,4,16,12,33,23,0,3,0
2020,4,16,12,33,23,0,3,0
2020,4,16,12,33,23,0,3,0
2020,4,16,12,33,23,0,3,0
2020,4,16,12,33,23,0,3,0
2020,4,16,12,33,23,0,3,0
2020,4,16,12,33,23,0,3,0
2020,4,16,12,33,23,0,3,0
2020,4,16,12,33,23,0,3,0
2020,4,16,12,33,23,0,3,0
2020,4,16,12,33,23,0,3,0
2020,4,16,12,33,23,0,3,0
2020,4,16,12,33,23,0,3,0
2020,4,16,12,33,23,0,3,0
2020,4,16,12,33,23,0,2,0
2020,4,16,12,33,23,0,2,0
2020,4,16,12,33,23,0,3,0
2020,4,16,12,33,23,0,3,0
2020,4,16,12,33,23,0,3,0
2020,4,16,12,33,24,0,1,0
2020,4,16,12,33,24,0,1,0
2020,4,16,12,33,24,0,1,0
2020,4,16,12,33,24,0,2,0
2020,4,16,12,33,24,0,2,0
2020,4,16,12,33,24,0,1,0
2020,4,16,12,33,24,0,1,0
2020,4,16,12,33,24,0,2,0
2020,4,16,12,33,24,0,2,0
2020,4,16,12,33,24,0,2,0
2020,4,16,12,33,24,0,2,0
2020,4,16,12,33,24,1,2,0
2020,4,16,12,33,24,1,2,0
2020,4,16,12,33,24,1,2,0
2020,4,16,12,33,24,0,1,0
2020,4,16,12,33,25,0,1,0
2020,4,16,12,33,25,0,1,0
2020,4,16,12,33,25,0,2,0
2020,4,16,12,33,25,0,2,0
2020,4,16,12,33,25,0,1,0
2020,4,16,12,33,25,1,1,0
2020,4,16,12,33,25,1,1,0
2020,4,16,12,33,25,0,2,0
2020,4,16,12,33,25,0,2,0
2020,4,16,12,33,25,0,2,0
2020,4,16,12,33,25,0,2,0
2020,4,16,12,33,25,0,1,0
2020,4,16,12,33,25,0,2,0
2020,4,16,12,33,25,0,2,0
2020,4,16,12,33,25,1,1,0
2020,4,16,12,33,25,1,1,0
2020,4,16,12,33,26,0,1,0
2020,4,16,12,33,26,0,1,0
2020,4,16,12,33,26,0,1,0
2020,4,16,12,33,26,0,2,0
2020,4,16,12,33,26,0,2,0
2020,4,16,12,33,26,0,1,0
2020,4,16,12,33,26,0,2,0
2020,4,16,12,33,26,0,2,0
2020,4,16,12,33,26,0,1,0
2020,4,16,12,33,26,0,2,0
2020,4,16,12,33,26,0,2,0
2020,4,16,12,33,26,0,1,0
2020,4,16,12,33,26,1,1,0
2020,4,16,12,33,26,1,1,0
2020,4,16,12,33,26,1,2,0
2020,4,16,12,33,27,1,2,0
2020,4,16,12,33,27,1,2,0
2020,4,16,12,33,27,0,1,0
2020,4,16,12,33,27,0,1,0
2020,4,16,12,33,27,1,2,0
2020,4,16,12,33,27,1,2,0
2020,4,16,12,33,27,1,2,0
2020,4,16,12,33,27,0,1,0
2020,4,16,12,33,27,0,1,0
2020,4,16,12,33,27,0,1,0
2020,4,16,12,33,27,0,2,0
2020,4,16,12,33,27,0,2,0
2020,4,16,12,33,27,0,1,0
2020,4,16,12,33,27,0,1,0
2020,4,16,12,33,27,0,1,0
2020,4,16,12,33,28,0,1,0
2020,4,16,12,33,28,0,1,0
2020,4,16,12,33,28,0,1,0
2020,4,16,12,33,28,0,1,0
2020,4,16,12,33,28,1,1,0
2020,4,16,12,33,28,1,1,0
2020,4,16,12,33,28,0,1,0
2020,4,16,12,33,28,0,1,0
2020,4,16,12,33,28,0,1,0
2020,4,16,12,33,28,0,1,0
2020,4,16,12,33,28,0,1,0
2020,4,16,12,33,28,0,1,0
2020,4,16,12,33,29,0,1,0
2020,4,16,12,33,29,0,1,0
2020,4,16,12,33,29,0,1,0
2020,4,16,12,33,29,0,1,0
2020,4,16,12,33,29,0,1,0
2020,4,16,12,33,29,0,1,0
2020,4,16,12,33,29,0,1,0
2020,4,16,12,33,29,0,1,0
2020,4,16,12,33,29,0,1,0
2020,4,16,12,33,29,0,1,0
2020,4,16,12,33,29,0,1,0
2020,4,16,12,33,29,0,1,0
2020,4,16,12,33,30,0,1,0
2020,4,16,12,33,30,0,2,0
2020,4,16,12,33,30,0,2,0
2020,4,16,12,33,30,0,1,0
2020,4,16,12,33,30,0,1,0
2020,4,16,12,33,30,0,1,0
2020,4,16,12,33,30,0,1,0
2020,4,16,12,33,30,0,1,0
2020,4,16,12,33,30,0,1,0
2020,4,16,12,33,30,0,1,0
2020,4,16,12,33,30,0,1,0
2020,4,16,12,33,31,0,2,0
2020,4,16,12,33,31,0,2,0
2020,4,16,12,33,31,0,1,0
2020,4,16,12,33,31,0,1,0
2020,4,16,12,33,31,0,1,0
2020,4,16,12,33,31,0,1,0
2020,4,16,12,33,31,0,1,0
2020,4,16,12,33,31,0,2,0
2020,4,16,12,33,31,0,2,0
2020,4,16,12,33,31,0,1,0
2020,4,16,12,33,31,0,1,0
2020,4,16,12,33,31,0,2,0
2020,4,16,12,33,31,0,2,0
2020,4,16,12,33,31,0,2,0
2020,4,16,12,33,31,0,2,0
2020,4,16,12,33,32,0,1,0
2020,4,16,12,33,32,0,1,0
2020,4,16,12,33,32,0,1,0
2020,4,16,12,33,32,0,1,0
2020,4,16,12,33,32,0,1,0
2020,4,16,12,33,32,0,1,0
2020,4,16,12,33,32,0,1,0
2020,4,16,12,33,32,0,1,0
2020,4,16,12,33,32,0,1,0
2020,4,16,12,33,32,0,1,0
2020,4,16,12,33,32,0,1,0
2020,4,16,12,33,33,0,1,0
2020,4,16,12,33,33,0,1,0
2020,4,16,12,33,33,0,1,0
2020,4,16,12,33,33,0,1,0
2020,4,16,12,33,33,0,1,0
2020,4,16,12,33,33,0,1,0
2020,4,16,12,33,33,0,1,0
2020,4,16,12,33,33,0,1,0
2020,4,16,12,33,33,0,1,0
2020,4,16,12,33,33,0,1,0
2020,4,16,12,33,33,0,1,0
2020,4,16,12,33,33,0,1,0
2020,4,16,12,33,34,0,1,0
2020,4,16,12,33,34,0,1,0
2020,4,16,12,33,34,0,1,0
2020,4,16,12,33,34,0,1,0
2020,4,16,12,33,34,0,1,0
2020,4,16,12,33,34,0,1,0
2020,4,16,12,33,34,0,1,0
2020,4,16,12,33,34,0,1,0
2020,4,16,12,33,34,0,1,0
2020,4,16,12,33,34,0,1,0
2020,4,16,12,33,34,0,1,0
2020,4,16,12,33,35,0,1,0
2020,4,16,12,33,35,0,1,0
2020,4,16,12,33,35,0,1,0
2020,4,16,12,33,35,0,1,0
2020,4,16,12,33,35,0,1,0
2020,4,16,12,33,35,0,2,0
2020,4,16,12,33,35,0,2,0
2020,4,16,12,33,35,0,1,0
2020,4,16,12,33,35,0,1,0
2020,4,16,12,33,35,0,1,0
2020,4,16,12,33,35,0,1,0
2020,4,16,12,33,35,0,1,0
2020,4,16,12,33,36,0,1,0
2020,4,16,12,33,36,0,1,0
2020,4,16,12,33,36,0,1,0
2020,4,16,12,33,36,0,1,0
2020,4,16,12,33,36,0,1,0
2020,4,16,12,33,36,0,1,0
2020,4,16,12,33,36,0,1,0
2020,4,16,12,33,36,0,1,0
2020,4,16,12,33,36,0,2,0
2020,4,16,12,33,36,0,2,0
2020,4,16,12,33,36,0,1,0
2020,4,16,12,33,36,0,2,0
2020,4,16,12,33,36,0,2,0
2020,4,16,12,33,37,0,1,0
2020,4,16,12,33,37,0,1,0
2020,4,16,12,33,37,0,1,0
2020,4,16,12,33,37,0,1,0
2020,4,16,12,33,37,0,1,0
2020,4,16,12,33,37,0,1,0
2020,4,16,12,33,37,0,1,0
2020,4,16,12,33,37,0,1,0
2020,4,16,12,33,37,0,1,0
2020,4,16,12,33,37,0,1,0
2020,4,16,12,33,37,0,1,0
2020,4,16,12,33,37,0,1,0
2020,4,16,12,33,38,0,1,0
2020,4,16,12,33,38,0,1,0
2020,4,16,12,33,38,0,1,0
2020,4,16,12,33,38,0,1,0
2020,4,16,12,33,38,0,2,0
2020,4,16,12,33,38,0,2,0
2020,4,16,12,33,38,0,1,0
2020,4,16,12,33,38,0,1,0
2020,4,16,12,33,38,0,1,0
2020,4,16,12,33,38,0,1,0
2020,4,16,12,33,38,0,1,0
2020,4,16,12,33,39,0,1,0
2020,4,16,12,33,39,0,1,0
2020,4,16,12,33,39,0,1,0
2020,4,16,12,33,39,0,1,0
2020,4,16,12,33,39,0,1,0
2020,4,16,12,33,39,0,1,0
2020,4,16,12,33,39,0,1,0
2020,4,16,12,33,39,0,1,0
2020,4,16,12,33,39,0,1,0
2020,4,16,12,33,39,0,1,0
2020,4,16,12,33,39,0,1,0
2020,4,16,12,33,39,0,1,0
2020,4,16,12,33,40,0,1,0
2020,4,16,12,33,40,0,2,0
2020,4,16,12,33,40,0,2,0
2020,4,16,12,33,40,0,1,0
2020,4,16,12,33,40,0,1,0
2020,4,16,12,33,40,0,1,0
2020,4,16,12,33,40,0,1,0
2020,4,16,12,33,40,0,1,0
2020,4,16,12,33,40,0,2,0
2020,4,16,12,33,40,0,2,0
2020,4,16,12,33,40,0,1,0
2020,4,16,12,33,40,0,1,0
2020,4,16,12,33,41,0,1,0
2020,4,16,12,33,41,0,1,0
2020,4,16,12,33,41,0,1,0
2020,4,16,12,33,41,0,1,0
2020,4,16,12,33,41,0,1,0
2020,4,16,12,33,41,0,1,0
2020,4,16,12,33,41,0,1,0
2020,4,16,12,33,41,0,1,0
2020,4,16,12,33,41,0,1,0
2020,4,16,12,33,41,0,1,0
2020,4,16,12,33,41,0,1,0
2020,4,16,12,33,42,0,1,0
2020,4,16,12,33,42,0,1,0
2020,4,16,12,33,42,1,1,0
2020,4,16,12,33,42,1,1,0
2020,4,16,12,33,42,0,1,0
2020,4,16,12,33,42,0,1,0
2020,4,16,12,33,42,0,1,0
2020,4,16,12,33,42,0,1,0
2020,4,16,12,33,42,0,1,0
2020,4,16,12,33,42,0,1,0
2020,4,16,12,33,42,0,1,0
2020,4,16,12,33,42,0,1,0
2020,4,16,12,33,42,1,1,0
2020,4,16,12,33,42,1,1,0
2020,4,16,12,33,42,0,1,0
2020,4,16,12,33,43,0,1,0
2020,4,16,12,33,43,0,1,0
2020,4,16,12,33,43,0,1,0
2020,4,16,12,33,43,0,1,0
2020,4,16,12,33,43,0,2,0
2020,4,16,12,33,43,0,2,0
2020,4,16,12,33,43,0,1,0
2020,4,16,12,33,43,0,1,0
2020,4,16,12,33,43,0,1,0
2020,4,16,12,33,43,0,1,0
2020,4,16,12,33,43,1,1,0
2020,4,16,12,33,43,1,1,0
2020,4,16,12,33,43,0,1,0
2020,4,16,12,33,44,0,1,0
2020,4,16,12,33,44,0,1,0
2020,4,16,12,33,44,0,1,0
2020,4,16,12,33,44,0,1,0
2020,4,16,12,33,44,0,2,0
2020,4,16,12,33,44,0,2,0
2020,4,16,12,33,44,0,1,0
2020,4,16,12,33,44,0,1,0
2020,4,16,12,33,44,0,1,0
2020,4,16,12,33,44,0,1,0
2020,4,16,12,33,44,0,1,0
2020,4,16,12,33,44,0,1,0
2020,4,16,12,33,45,0,1,0
2020,4,16,12,33,45,0,1,0
2020,4,16,12,33,45,0,1,0
2020,4,16,12,33,45,0,1,0
2020,4,16,12,33,45,0,1,0
2020,4,16,12,33,45,0,1,0
2020,4,16,12,33,45,0,1,0
2020,4,16,12,33,45,0,1,0
2020,4,16,12,33,45,0,1,0
2020,4,16,12,33,45,0,1,0
2020,4,16,12,33,45,0,1,0
2020,4,16,12,33,46,1,1,0
2020,4,16,12,33,46,1,1,0
2020,4,16,12,33,46,1,1,0
2020,4,16,12,33,46,1,1,0
2020,4,16,12,33,46,0,1,0
2020,4,16,12,33,46,0,1,0
2020,4,16,12,33,46,0,1,0
2020,4,16,12,33,46,0,1,0
2020,4,16,12,33,46,0,1,0
2020,4,16,12,33,46,0,1,0
2020,4,16,12,33,46,1,1,0
2020,4,16,12,33,46,1,1,0
2020,4,16,12,33,46,0,1,0
2020,4,16,12,33,46,0,1,0
2020,4,16,12,33,47,0,1,0
2020,4,16,12,33,47,1,2,0
2020,4,16,12,33,47,1,2,0
2020,4,16,12,33,47,1,2,0
2020,4,16,12,33,47,0,1,0
2020,4,16,12,33,47,0,1,0
2020,4,16,12,33,47,0,1,0
2020,4,16,12,33,47,0,1,0
2020,4,16,12,33,47,0,1,0
2020,4,16,12,33,47,0,1,0
2020,4,16,12,33,47,0,1,0
2020,4,16,12,33,47,1,1,0
2020,4,16,12,33,47,1,1,0
2020,4,16,12,33,47,0,1,0
2020,4,16,12,33,48,0,1,0
2020,4,16,12,33,48,0,1,0
2020,4,16,12,33,48,0,1,0
2020,4,16,12,33,48,0,1,0
2020,4,16,12,33,48,0,1,0
2020,4,16,12,33,48,0,1,0
2020,4,16,12,33,48,0,1,0
2020,4,16,12,33,48,0,1,0
2020,4,16,12,33,48,0,1,0
2020,4,16,12,33,48,0,1,0
2020,4,16,12,33,48,1,1,0
2020,4,16,12,33,48,1,1,0
2020,4,16,12,33,49,0,1,0
2020,4,16,12,33,49,0,2,0
2020,4,16,12,33,49,0,2,0
2020,4,16,12,33,49,0,1,0
2020,4,16,12,33,49,0,1,0
2020,4,16,12,33,49,0,1,0
2020,4,16,12,33,49,0,1,0
2020,4,16,12,33,49,0,1,0
2020,4,16,12,33,49,0,1,0
2020,4,16,12,33,49,0,1,0
2020,4,16,12,33,49,0,1,0
2020,4,16,12,33,49,0,1,0
2020,4,16,12,33,50,0,1,0
2020,4,16,12,33,50,0,1,0
2020,4,16,12,33,50,0,1,0
2020,4,16,12,33,50,0,2,0
2020,4,16,12,33,50,0,2,0
2020,4,16,12,33,50,0,1,0
2020,4,16,12,33,50,0,1,0
2020,4,16,12,33,50,0,1,0
2020,4,16,12,33,50,0,1,0
2020,4,16,12,33,50,0,1,0
2020,4,16,12,33,50,0,1,0
2020,4,16,12,33,51,0,1,0
2020,4,16,12,33,51,0,1,0
2020,4,16,12,33,51,0,1,0
2020,4,16,12,33,51,0,2,0
2020,4,16,12,33,51,0,2,0
2020,4,16,12,33,51,0,1,0
2020,4,16,12,33,51,0,1,0
2020,4,16,12,33,51,0,2,0
2020,4,16,12,33,51,0,2,0
2020,4,16,12,33,51,0,1,0
2020,4,16,12,33,51,0,1,0
2020,4,16,12,33,51,0,1,0
2020,4,16,12,33,51,0,1,0
2020,4,16,12,33,52,0,1,0
2020,4,16,12,33,52,0,1,0
2020,4,16,12,33,52,0,1,0
2020,4,16,12,33,52,0,1,0
2020,4,16,12,33,52,0,1,0
2020,4,16,12,33,52,0,1,0
2020,4,16,12,33,52,1,1,0
2020,4,16,12,33,52,1,1,0
2020,4,16,12,33,52,0,1,0
2020,4,16,12,33,52,1,1,0
2020,4,16,12,33,52,1,1,0
2020,4,16,12,33,52,0,1,0
2020,4,16,12,33,53,0,1,0
2020,4,16,12,33,53,0,1,0
2020,4,16,12,33,53,0,1,0
2020,4,16,12,33,53,0,1,0
2020,4,16,12,33,53,0,1,0
2020,4,16,12,33,53,0,1,0
2020,4,16,12,33,53,0,1,0
2020,4,16,12,33,53,0,1,0
2020,4,16,12,33,53,0,1,0
2020,4,16,12,33,53,0,1,0
2020,4,16,12,33,53,1,1,0
2020,4,16,12,33,53,1,1,0
2020,4,16,12,33,53,0,1,0
2020,4,16,12,33,54,0,1,0
2020,4,16,12,33,54,0,1,0
2020,4,16,12,33,54,0,1,0
2020,4,16,12,33,54,0,1,0
2020,4,16,12,33,54,0,1,0
2020,4,16,12,33,54,0,1,0
2020,4,16,12,33,54,0,1,0
2020,4,16,12,33,54,0,1,0
2020,4,16,12,33,54,0,1,0
2020,4,16,12,33,54,0,1,0
2020,4,16,12,33,54,0,1,0
2020,4,16,12,33,54,0,1,0
2020,4,16,12,33,55,0,1,0
2020,4,16,12,33,55,0,1,0
2020,4,16,12,33,55,0,2,0
2020,4,16,12,33,55,0,2,0
2020,4,16,12,33,55,0,2,0
2020,4,16,12,33,55,0,2,0
2020,4,16,12,33,55,0,1,0
2020,4,16,12,33,55,0,1,0
2020,4,16,12,33,55,0,1,0
2020,4,16,12,33,55,0,1,0
2020,4,16,12,33,55,0,1,0
2020,4,16,12,33,55,0,1,0
2020,4,16,12,33,55,0,1,0
2020,4,16,12,33,56,0,1,0
2020,4,16,12,33,56,0,1,0
2020,4,16,12,33,56,0,1,0
2020,4,16,12,33,56,0,1,0
2020,4,16,12,33,56,0,1,0
2020,4,16,12,33,56,0,1,0
2020,4,16,12,33,56,0,1,0
2020,4,16,12,33,56,0,2,0
2020,4,16,12,33,56,0,2,0
2020,4,16,12,33,56,0,1,0
2020,4,16,12,33,56,0,1,0
2020,4,16,12,33,56,0,2,0
2020,4,16,12,33,56,0,2,0
2020,4,16,12,33,57,0,1,0
2020,4,16,12,33,57,0,1,0
2020,4,16,12,33,57,0,1,0
2020,4,16,12,33,57,0,1,0
2020,4,16,12,33,57,0,1,0
2020,4,16,12,33,57,0,1,0
2020,4,16,12,33,57,0,1,0
2020,4,16,12,33,57,0,1,0
2020,4,16,12,33,57,0,1,0
2020,4,16,12,33,57,0,2,0
2020,4,16,12,33,57,0,2,0
2020,4,16,12,33,57,0,1,0
2020,4,16,12,33,57,0,1,0
2020,4,16,12,33,57,0,2,0
2020,4,16,12,33,57,0,2,0
2020,4,16,12,33,58,0,1,0
2020,4,16,12,33,58,0,2,0
2020,4,16,12,33,58,0,2,0
2020,4,16,12,33,58,0,1,0
2020,4,16,12,33,58,0,1,0
2020,4,16,12,33,58,0,1,0
2020,4,16,12,33,58,0,1,0
2020,4,16,12,33,58,0,1,0
2020,4,16,12,33,58,0,1,0
2020,4,16,12,33,58,0,1,0
2020,4,16,12,33,58,0,2,0
2020,4,16,12,33,58,0,2,0
2020,4,16,12,33,59,0,1,0
2020,4,16,12,33,59,0,2,0
2020,4,16,12,33,59,0,2,0
2020,4,16,12,33,59,0,1,0
2020,4,16,12,33,59,0,2,0
2020,4,16,12,33,59,0,2,0
2020,4,16,12,33,59,0,1,0
2020,4,16,12,33,59,0,2,0
2020,4,16,12,33,59,0,2,0
2020,4,16,12,33,59,0,1,0
2020,4,16,12,33,59,0,1,0
2020,4,16,12,33,59,0,1,0
2020,4,16,12,33,59,0,1,0
2020,4,16,12,34,0,0,1,0
2020,4,16,12,34,0,0,1,0
2020,4,16,12,34,0,0,1,0
2020,4,16,12,34,0,0,1,0
2020,4,16,12,34,0,0,1,0
2020,4,16,12,34,0,0,1,0
2020,4,16,12,34,0,0,1,0
2020,4,16,12,34,0,0,1,0
2020,4,16,12,34,0,0,1,0
2020,4,16,12,34,0,0,1,0
2020,4,16,12,34,0,0,1,0
2020,4,16,12,34,1,0,1,0
2020,4,16,12,34,1,0,1,0
2020,4,16,12,34,1,0,1,0
2020,4,16,12,34,1,0,1,0
2020,4,16,12,34,1,0,1,0
2020,4,16,12,34,1,0,1,0
2020,4,16,12,34,1,0,1,0
2020,4,16,12,34,1,0,1,0
2020,4,16,12,34,1,0,2,0
2020,4,16,12,34,1,0,2,0
2020,4,16,12,34,1,0,1,0
2020,4,16,12,34,1,0,1,0
2020,4,16,12,34,2,0,1,0
2020,4,16,12,34,2,0,1,0
2020,4,16,12,34,2,0,1,0
2020,4,16,12,34,2,0,1,0
2020,4,16,12,34,2,0,1,0
2020,4,16,12,34,2,0,1,0
2020,4,16,12,34,2,1,1,0
2020,4,16,12,34,2,1,1,0
2020,4,16,12,34,2,0,1,0
2020,4,16,12,34,2,0,1,0
2020,4,16,12,34,2,1,1,0
2020,4,16,12,34,2,1,1,0
2020,4,16,12,34,2,0,1,0
2020,4,16,12,34,3,0,1,0
2020,4,16,12,34,3,0,1,0
2020,4,16,12,34,3,0,1,0
2020,4,16,12,34,3,0,1,0
2020,4,16,12,34,3,0,1,0
2020,4,16,12,34,3,0,1,0
2020,4,16,12,34,3,0,1,0
2020,4,16,12,34,3,1,1,0
2020,4,16,12,34,3,1,1,0
2020,4,16,12,34,3,0,1,0
2020,4,16,12,34,3,0,1,0
2020,4,16,12,34,3,0,1,0
2020,4,16,12,34,4,0,1,0
2020,4,16,12,34,4,0,1,0
2020,4,16,12,34,4,0,1,0
2020,4,16,12,34,4,0,1,0
2020,4,16,12,34,4,0,1,0
2020,4,16,12,34,4,0,1,0
2020,4,16,12,34,4,0,1,0
2020,4,16,12,34,4,0,1,0
2020,4,16,12,34,4,0,1,0
2020,4,16,12,34,4,0,1,0
2020,4,16,12,34,5,0,1,0
2020,4,16,12,34,5,0,1,0
2020,4,16,12,34,5,0,2,0
2020,4,16,12,34,5,0,2,0
2020,4,16,12,34,5,0,2,0
2020,4,16,12,34,5,0,2,0
2020,4,16,12,34,5,0,1,0
2020,4,16,12,34,5,0,2,0
2020,4,16,12,34,5,0,2,0
2020,4,16,12,34,5,0,1,0
2020,4,16,12,34,5,0,1,0
2020,4,16,12,34,5,0,1,0
2020,4,16,12,34,5,0,1,0
2020,4,16,12,34,5,0,1,0
2020,4,16,12,34,6,0,1,0
2020,4,16,12,34,6,0,2,0
2020,4,16,12,34,6,0,2,0
2020,4,16,12,34,6,0,1,0
2020,4,16,12,34,6,0,2,0
2020,4,16,12,34,6,0,2,0
2020,4,16,12,34,6,0,1,0
2020,4,16,12,34,6,0,1,0
2020,4,16,12,34,6,0,1,0
2020,4,16,12,34,6,0,2,0
2020,4,16,12,34,6,0,2,0
2020,4,16,12,34,6,0,1,0
2020,4,16,12,34,6,0,1,0
2020,4,16,12,34,7,0,1,0
2020,4,16,12,34,7,0,1,0
2020,4,16,12,34,7,0,1,0
2020,4,16,12,34,7,0,1,0
2020,4,16,12,34,7,0,2,0
2020,4,16,12,34,7,0,2,0
2020,4,16,12,34,7,0,1,0
2020,4,16,12,34,7,0,1,0
2020,4,16,12,34,7,0,1,0
2020,4,16,12,34,7,0,1,0
2020,4,16,12,34,7,0,1,0
2020,4,16,12,34,7,0,1,0
2020,4,16,12,34,8,0,1,0
2020,4,16,12,34,8,0,2,0
2020,4,16,12,34,8,0,2,0
2020,4,16,12,34,8,0,2,0
2020,4,16,12,34,8,0,2,0
2020,4,16,12,34,8,0,1,0
2020,4,16,12,34,8,0,1,0
2020,4,16,12,34,8,0,1,0
2020,4,16,12,34,8,0,1,0
2020,4,16,12,34,8,0,1,0
2020,4,16,12,34,8,0,1,0
2020,4,16,12,34,8,0,2,0
2020,4,16,12,34,8,0,2,0
2020,4,16,12,34,9,0,1,0
2020,4,16,12,34,9,0,1,0
2020,4,16,12,34,9,0,1,0
2020,4,16,12,34,9,0,1,0
2020,4,16,12,34,9,0,1,0
2020,4,16,12,34,9,0,1,0
2020,4,16,12,34,9,0,2,0
2020,4,16,12,34,9,0,2,0
2020,4,16,12,34,9,0,1,0
2020,4,16,12,34,9,1,1,0
2020,4,16,12,34,9,1,1,0
2020,4,16,12,34,9,0,1,0
2020,4,16,12,34,9,0,1,0
2020,4,16,12,34,10,1,2,0
2020,4,16,12,34,10,1,2,0
2020,4,16,12,34,10,1,2,0
2020,4,16,12,34,10,0,1,0
2020,4,16,12,34,10,0,1,0
2020,4,16,12,34,10,1,1,0
2020,4,16,12,34,10,1,1,0
2020,4,16,12,34,10,0,1,0
2020,4,16,12,34,10,0,1,0
2020,4,16,12,34,10,0,1,0
2020,4,16,12,34,10,0,2,0
2020,4,16,12,34,10,0,2,0
2020,4,16,12,34,10,0,2,0
2020,4,16,12,34,10,0,2,0
2020,4,16,12,34,10,0,2,0
2020,4,16,12,34,10,0,2,0
2020,4,16,12,34,10,0,1,0
2020,4,16,12,34,11,0,1,0
2020,4,16,12,34,11,0,2,0
2020,4,16,12,34,11,0,2,0
2020,4,16,12,34,11,0,1,0
2020,4,16,12,34,11,1,1,0
2020,4,16,12,34,11,1,1,0
2020,4,16,12,34,11,0,1,0
2020,4,16,12,34,11,0,1,0
2020,4,16,12,34,11,1,1,0
2020,4,16,12,34,11,1,1,0
2020,4,16,12,34,11,0,1,0
2020,4,16,12,34,11,0,1,0
2020,4,16,12,34,11,0,1,0
2020,4,16,12,34,11,0,1,0
2020,4,16,12,34,12,0,1,0
2020,4,16,12,34,12,0,1,0
2020,4,16,12,34,12,0,1,0
2020,4,16,12,34,12,0,1,0
2020,4,16,12,34,12,0,1,0
2020,4,16,12,34,12,0,1,0
2020,4,16,12,34,12,0,1,0
2020,4,16,12,34,12,0,1,0
2020,4,16,12,34,12,0,1,0
2020,4,16,12,34,12,0,1,0
2020,4,16,12,34,12,0,1,0
2020,4,16,12,34,13,0,1,0
2020,4,16,12,34,13,0,1,0
2020,4,16,12,34,13,0,1,0
2020,4,16,12,34,13,0,1,0
2020,4,16,12,34,13,0,1,0
2020,4,16,12,34,13,0,1,0
2020,4,16,12,34,13,0,1,0
2020,4,16,12,34,13,0,1,0
2020,4,16,12,34,13,0,1,0
2020,4,16,12,34,13,0,1,0
2020,4,16,12,34,13,0,1,0
2020,4,16,12,34,13,0,1,0
2020,4,16,12,34,13,0,1,0
2020,4,16,12,34,13,0,1,0
2020,4,16,12,34,14,0,1,0
2020,4,16,12,34,14,0,2,0
2020,4,16,12,34,14,0,2,0
2020,4,16,12,34,14,0,2,0
2020,4,16,12,34,14,0,2,0
2020,4,16,12,34,14,0,2,0
2020,4,16,12,34,14,0,2,0
2020,4,16,12,34,14,0,2,0
2020,4,16,12,34,14,0,2,0
2020,4,16,12,34,14,0,2,0
2020,4,16,12,34,14,0,2,0
2020,4,16,12,34,14,0,2,0
2020,4,16,12,34,14,0,2,0
2020,4,16,12,34,14,0,1,0
2020,4,16,12,34,14,0,1,0
2020,4,16,12,34,14,0,1,0
2020,4,16,12,34,15,0,1,0
2020,4,16,12,34,15,0,1,0
2020,4,16,12,34,15,0,1,0
2020,4,16,12,34,15,0,1,0
2020,4,16,12,34,15,0,1,0
2020,4,16,12,34,15,0,1,0
2020,4,16,12,34,15,0,1,0
2020,4,16,12,34,15,0,1,0
2020,4,16,12,34,15,0,1,0
2020,4,16,12,34,15,0,1,0
2020,4,16,12,34,15,0,1,0
2020,4,16,12,34,15,0,1,0
2020,4,16,12,34,16,0,1,0
2020,4,16,12,34,16,0,1,0
2020,4,16,12,34,16,0,1,0
2020,4,16,12,34,16,0,1,0
2020,4,16,12,34,16,0,1,0
2020,4,16,12,34,16,0,1,0
2020,4,16,12,34,16,0,1,0
2020,4,16,12,34,16,0,1,0
2020,4,16,12,34,16,0,1,0
2020,4,16,12,34,16,0,1,0
2020,4,16,12,34,17,0,1,0
2020,4,16,12,34,17,0,1,0
2020,4,16,12,34,17,0,1,0
2020,4,16,12,34,17,0,1,0
2020,4,16,12,34,17,0,1,0
2020,4,16,12,34,17,0,1,0
2020,4,16,12,34,17,0,1,0
2020,4,16,12,34,17,0,1,0
2020,4,16,12,34,17,0,1,0
2020,4,16,12,34,17,0,2,0
2020,4,16,12,34,17,0,2,0
2020,4,16,12,34,17,0,1,0
2020,4,16,12,34,18,0,1,0
2020,4,16,12,34,18,0,1,0
2020,4,16,12,34,18,0,1,0
2020,4,16,12,34,18,0,1,0
2020,4,16,12,34,18,0,1,0
2020,4,16,12,34,18,0,1,0
2020,4,16,12,34,18,0,1,0
2020,4,16,12,34,18,0,1,0
2020,4,16,12,34,18,0,1,0
2020,4,16,12,34,18,0,1,0
2020,4,16,12,34,18,0,1,0
2020,4,16,12,34,18,0,2,0
2020,4,16,12,34,18,0,2,0
2020,4,16,12,34,19,0,1,0
2020,4,16,12,34,19,0,1,0
2020,4,16,12,34,19,0,1,0
2020,4,16,12,34,19,0,1,0
2020,4,16,12,34,19,0,2,0
2020,4,16,12,34,19,0,2,0
2020,4,16,12,34,19,0,1,0
2020,4,16,12,34,19,0,1,0
2020,4,16,12,34,19,0,1,0
2020,4,16,12,34,19,0,1,0
2020,4,16,12,34,19,0,1,0
2020,4,16,12,34,20,0,1,0
2020,4,16,12,34,20,0,1,0
2020,4,16,12,34,20,0,1,0
2020,4,16,12,34,20,0,1,0
2020,4,16,12,34,20,0,1,0
2020,4,16,12,34,20,0,1,0
2020,4,16,12,34,20,0,1,0
2020,4,16,12,34,20,0,1,0
2020,4,16,12,34,20,0,1,0
2020,4,16,12,34,20,0,1,0
2020,4,16,12,34,20,0,1,0
2020,4,16,12,34,20,0,1,0
2020,4,16,12,34,21,0,1,0
2020,4,16,12,34,21,0,2,0
2020,4,16,12,34,21,0,2,0
2020,4,16,12,34,21,0,1,0
2020,4,16,12,34,21,0,1,0
2020,4,16,12,34,21,0,1,0
2020,4,16,12,34,21,0,1,0
2020,4,16,12,34,21,0,1,0
2020,4,16,12,34,21,0,1,0
2020,4,16,12,34,21,0,1,0
2020,4,16,12,34,21,0,1,0
2020,4,16,12,34,21,0,1,0
2020,4,16,12,34,22,0,1,0
2020,4,16,12,34,22,0,1,0
2020,4,16,12,34,22,0,1,0
2020,4,16,12,34,22,0,1,0
2020,4,16,12,34,22,0,1,0
2020,4,16,12,34,22,0,1,0
2020,4,16,12,34,22,0,2,0
2020,4,16,12,34,22,0,2,0
2020,4,16,12,34,22,0,1,0
2020,4,16,12,34,22,0,1,0
2020,4,16,12,34,22,0,1,0
2020,4,16,12,34,22,0,1,0
2020,4,16,12,34,22,0,1,0
2020,4,16,12,34,23,0,1,0
2020,4,16,12,34,23,0,1,0
2020,4,16,12,34,23,0,1,0
2020,4,16,12,34,23,0,1,0
2020,4,16,12,34,23,0,1,0
2020,4,16,12,34,23,0,1,0
2020,4,16,12,34,23,0,1,0
2020,4,16,12,34,23,0,1,0
2020,4,16,12,34,23,0,1,0
2020,4,16,12,34,23,0,1,0
2020,4,16,12,34,23,0,1,0
2020,4,16,12,34,24,0,1,0
2020,4,16,12,34,24,0,1,0
2020,4,16,12,34,24,0,1,0
2020,4,16,12,34,24,0,1,0
2020,4,16,12,34,24,0,1,0
2020,4,16,12,34,24,0,1,0
2020,4,16,12,34,24,0,1,0
2020,4,16,12,34,24,0,1,0
2020,4,16,12,34,24,0,1,0
2020,4,16,12,34,24,0,1,0
2020,4,16,12,34,24,0,1,0
2020,4,16,12,34,24,0,1,0
2020,4,16,12,34,25,0,1,0
2020,4,16,12,34,25,0,1,0
2020,4,16,12,34,25,0,1,0
2020,4,16,12,34,25,0,1,0
2020,4,16,12,34,25,0,1,0
2020,4,16,12,34,25,0,1,0
2020,4,16,12,34,25,0,1,0
2020,4,16,12,34,25,0,1,0
2020,4,16,12,34,25,0,1,0
2020,4,16,12,34,25,0,1,0
2020,4,16,12,34,25,0,1,0
2020,4,16,12,34,26,0,1,0
2020,4,16,12,34,26,0,1,0
2020,4,16,12,34,26,0,1,0
2020,4,16,12,34,26,0,1,0
2020,4,16,12,34,26,0,1,0
2020,4,16,12,34,26,0,1,0
2020,4,16,12,34,26,0,1,0
2020,4,16,12,34,26,0,1,0
2020,4,16,12,34,26,0,1,0
2020,4,16,12,34,26,0,1,0
2020,4,16,12,34,26,0,1,0
2020,4,16,12,34,26,0,1,0
2020,4,16,12,34,27,0,1,0
2020,4,16,12,34,27,0,1,0
2020,4,16,12,34,27,0,1,0
2020,4,16,12,34,27,0,1,0
2020,4,16,12,34,27,1,1,0
2020,4,16,12,34,27,1,1,0
2020,4,16,12,34,27,0,1,0
2020,4,16,12,34,27,1,1,0
2020,4,16,12,34,27,1,1,0
2020,4,16,12,34,27,0,1,0
2020,4,16,12,34,27,0,1,0
2020,4,16,12,34,27,0,1,0
2020,4,16,12,34,27,0,1,0
2020,4,16,12,34,28,0,1,0
2020,4,16,12,34,28,0,1,0
2020,4,16,12,34,28,0,1,0
2020,4,16,12,34,28,0,1,0
2020,4,16,12,34,28,0,1,0
2020,4,16,12,34,28,0,1,0
2020,4,16,12,34,28,0,1,0
2020,4,16,12,34,28,0,1,0
2020,4,16,12,34,28,0,1,0
2020,4,16,12,34,28,0,1,0
2020,4,16,12,34,28,0,1,0
2020,4,16,12,34,28,0,1,0
2020,4,16,12,34,29,0,1,0
2020,4,16,12,34,29,0,1,0
2020,4,16,12,34,29,0,1,0
2020,4,16,12,34,29,0,1,0
2020,4,16,12,34,29,0,1,0
2020,4,16,12,34,29,0,1,0
2020,4,16,12,34,29,0,2,0
2020,4,16,12,34,29,0,2,0
2020,4,16,12,34,29,0,1,0
2020,4,16,12,34,29,0,1,0
2020,4,16,12,34,29,0,1,0
2020,4,16,12,34,29,0,1,0
2020,4,16,12,34,30,0,1,0
2020,4,16,12,34,30,0,1,0
2020,4,16,12,34,30,0,1,0
2020,4,16,12,34,30,0,1,0
2020,4,16,12,34,30,0,1,0
2020,4,16,12,34,30,0,1,0
2020,4,16,12,34,30,0,1,0
2020,4,16,12,34,30,0,1,0
2020,4,16,12,34,30,0,1,0
2020,4,16,12,34,30,0,1,0
2020,4,16,12,34,30,0,1,0
2020,4,16,12,34,30,0,1,0
2020,4,16,12,34,31,0,1,0
2020,4,16,12,34,31,0,1,0
2020,4,16,12,34,31,0,2,0
2020,4,16,12,34,31,0,2,0
2020,4,16,12,34,31,0,1,0
2020,4,16,12,34,31,0,1,0
2020,4,16,12,34,31,0,1,0
2020,4,16,12,34,31,0,1,0
2020,4,16,12,34,31,0,1,0
2020,4,16,12,34,31,0,1,0
2020,4,16,12,34,31,0,1,0
2020,4,16,12,34,31,0,1,0
2020,4,16,12,34,32,0,1,0
2020,4,16,12,34,32,0,1,0
2020,4,16,12,34,32,0,1,0
2020,4,16,12,34,32,0,1,0
2020,4,16,12,34,32,0,1,0
2020,4,16,12,34,32,0,1,0
2020,4,16,12,34,32,0,1,0
2020,4,16,12,34,32,0,1,0
2020,4,16,12,34,32,0,1,0
2020,4,16,12,34,32,0,1,0
2020,4,16,12,34,32,0,1,0
2020,4,16,12,34,32,0,1,0
2020,4,16,12,34,33,0,1,0
2020,4,16,12,34,33,0,1,0
2020,4,16,12,34,33,0,1,0
2020,4,16,12,34,33,0,1,0
2020,4,16,12,34,33,1,1,0
2020,4,16,12,34,33,1,1,0
2020,4,16,12,34,33,0,1,0
2020,4,16,12,34,33,0,1,0
2020,4,16,12,34,33,0,1,0
2020,4,16,12,34,33,0,1,0
2020,4,16,12,34,33,0,1,0
2020,4,16,12,34,33,0,1,0
2020,4,16,12,34,34,0,1,0
2020,4,16,12,34,34,0,1,0
2020,4,16,12,34,34,0,1,0
2020,4,16,12,34,34,0,1,0
2020,4,16,12,34,34,0,1,0
2020,4,16,12,34,34,0,1,0
2020,4,16,12,34,34,0,1,0
2020,4,16,12,34,34,1,1,0
2020,4,16,12,34,34,1,1,0
2020,4,16,12,34,34,0,1,0
2020,4,16,12,34,34,0,1,0
2020,4,16,12,34,34,0,1,0
2020,4,16,12,34,35,0,1,0
2020,4,16,12,34,35,0,1,0
2020,4,16,12,34,35,0,1,0
2020,4,16,12,34,35,0,1,0
2020,4,16,12,34,35,0,1,0
2020,4,16,12,34,35,0,1,0
2020,4,16,12,34,35,0,1,0
2020,4,16,12,34,35,0,1,0
2020,4,16,12,34,35,0,1,0
2020,4,16,12,34,35,1,1,0
2020,4,16,12,34,35,1,1,0
2020,4,16,12,34,35,0,1,0
2020,4,16,12,34,36,0,1,0
2020,4,16,12,34,36,1,0,0
2020,4,16,12,34,36,0,1,0
2020,4,16,12,34,36,0,1,0
2020,4,16,12,34,36,0,1,0
2020,4,16,12,34,36,0,1,0
2020,4,16,12,34,36,0,1,0
2020,4,16,12,34,36,0,1,0
2020,4,16,12,34,36,0,1,0
2020,4,16,12,34,36,1,1,0
2020,4,16,12,34,36,1,1,0
2020,4,16,12,34,37,0,1,0
2020,4,16,12,34,37,0,1,0
2020,4,16,12,34,37,0,2,0
2020,4,16,12,34,37,0,2,0
2020,4,16,12,34,37,0,1,0
2020,4,16,12,34,37,0,1,0
2020,4,16,12,34,37,0,1,0
2020,4,16,12,34,37,0,1,0
2020,4,16,12,34,37,1,1,0
2020,4,16,12,34,37,1,1,0
2020,4,16,12,34,37,0,1,0
2020,4,16,12,34,38,0,1,0
2020,4,16,12,34,38,0,1,0
2020,4,16,12,34,38,0,1,0
2020,4,16,12,34,38,0,1,0
2020,4,16,12,34,38,0,1,0
2020,4,16,12,34,38,0,1,0
2020,4,16,12,34,38,0,1,0
2020,4,16,12,34,38,0,1,0
2020,4,16,12,34,38,0,1,0
2020,4,16,12,34,38,0,1,0
2020,4,16,12,34,38,0,1,0
2020,4,16,12,34,39,0,1,0
2020,4,16,12,34,39,0,1,0
2020,4,16,12,34,39,0,1,0
2020,4,16,12,34,39,0,1,0
2020,4,16,12,34,39,0,1,0
2020,4,16,12,34,39,0,1,0
2020,4,16,12,34,39,0,1,0
2020,4,16,12,34,39,0,1,0
2020,4,16,12,34,39,1,1,0
2020,4,16,12,34,39,1,1,0
2020,4,16,12,34,39,0,1,0
2020,4,16,12,34,39,0,1,0
2020,4,16,12,34,39,0,1,0
2020,4,16,12,34,40,0,1,0
2020,4,16,12,34,40,0,1,0
2020,4,16,12,34,40,0,1,0
2020,4,16,12,34,40,0,1,0
2020,4,16,12,34,40,0,1,0
2020,4,16,12,34,40,0,1,0
2020,4,16,12,34,40,0,2,0
2020,4,16,12,34,40,0,2,0
2020,4,16,12,34,40,0,1,0
2020,4,16,12,34,40,0,1,0
2020,4,16,12,34,40,0,1,0
2020,4,16,12,34,40,0,1,0
2020,4,16,12,34,41,0,1,0
2020,4,16,12,34,41,0,1,0
2020,4,16,12,34,41,0,1,0
2020,4,16,12,34,41,0,1,0
2020,4,16,12,34,41,0,1,0
2020,4,16,12,34,41,0,1,0
2020,4,16,12,34,41,0,1,0
2020,4,16,12,34,41,0,1,0
2020,4,16,12,34,41,0,1,0
2020,4,16,12,34,41,0,1,0
2020,4,16,12,34,41,0,1,0
2020,4,16,12,34,41,0,1,0
2020,4,16,12,34,42,0,1,0
2020,4,16,12,34,42,0,1,0
2020,4,16,12,34,42,0,1,0
2020,4,16,12,34,42,0,1,0
2020,4,16,12,34,42,0,1,0
2020,4,16,12,34,42,0,1,0
2020,4,16,12,34,42,0,1,0
2020,4,16,12,34,42,0,1,0
2020,4,16,12,34,42,0,1,0
2020,4,16,12,34,42,0,1,0
2020,4,16,12,34,42,0,1,0
2020,4,16,12,34,43,0,1,0
2020,4,16,12,34,43,0,1,0
2020,4,16,12,34,43,0,1,0
2020,4,16,12,34,43,0,1,0
2020,4,16,12,34,43,0,1,0
2020,4,16,12,34,43,0,1,0
2020,4,16,12,34,43,0,1,0
2020,4,16,12,34,43,0,1,0
2020,4,16,12,34,43,0,1,0
2020,4,16,12,34,43,0,1,0
2020,4,16,12,34,43,0,1,0
2020,4,16,12,34,44,0,1,0
2020,4,16,12,34,44,0,1,0
2020,4,16,12,34,44,0,1,0
2020,4,16,12,34,44,0,1,0
2020,4,16,12,34,44,0,1,0
2020,4,16,12,34,44,0,1,0
2020,4,16,12,34,44,0,1,0
2020,4,16,12,34,44,0,1,0
2020,4,16,12,34,44,0,1,0
2020,4,16,12,34,44,0,1,0
2020,4,16,12,34,44,0,1,0
2020,4,16,12,34,44,0,2,0
2020,4,16,12,34,44,0,2,0
2020,4,16,12,34,45,0,2,0
2020,4,16,12,34,45,0,2,0
2020,4,16,12,34,45,0,1,0
2020,4,16,12,34,45,0,1,0
2020,4,16,12,34,45,0,1,0
2020,4,16,12,34,45,0,2,0
2020,4,16,12,34,45,0,2,0
2020,4,16,12,34,45,0,1,0
2020,4,16,12,34,45,0,1,0
2020,4,16,12,34,45,0,1,0
2020,4,16,12,34,45,0,1,0
2020,4,16,12,34,45,0,1,0
2020,4,16,12,34,45,0,1,0
2020,4,16,12,34,46,0,1,0
2020,4,16,12,34,46,0,1,0
2020,4,16,12,34,46,0,1,0
2020,4,16,12,34,46,0,1,0
2020,4,16,12,34,46,0,1,0
2020,4,16,12,34,46,0,1,0
2020,4,16,12,34,46,0,1,0
2020,4,16,12,34,46,0,1,0
2020,4,16,12,34,46,0,1,0
2020,4,16,12,34,46,0,1,0
2020,4,16,12,34,46,0,1,0
2020,4,16,12,34,47,0,2,0
2020,4,16,12,34,47,0,2,0
2020,4,16,12,34,47,0,1,0
2020,4,16,12,34,47,0,1,0
2020,4,16,12,34,47,0,1,0
2020,4,16,12,34,47,0,1,0
2020,4,16,12,34,47,0,1,0
2020,4,16,12,34,47,0,1,0
2020,4,16,12,34,47,0,1,0
2020,4,16,12,34,47,0,1,0
2020,4,16,12,34,47,0,1,0
2020,4,16,12,34,47,0,1,0
2020,4,16,12,34,48,0,1,0
2020,4,16,12,34,48,0,1,0
2020,4,16,12,34,48,0,1,0
2020,4,16,12,34,48,0,1,0
2020,4,16,12,34,48,0,1,0
2020,4,16,12,34,48,0,1,0
2020,4,16,12,34,48,0,1,0
2020,4,16,12,34,48,0,1,0
2020,4,16,12,34,48,0,1,0
2020,4,16,12,34,48,0,1,0
2020,4,16,12,34,48,0,1,0
2020,4,16,12,34,48,0,1,0
2020,4,16,12,34,49,0,1,0
2020,4,16,12,34,49,0,1,0
2020,4,16,12,34,49,0,1,0
2020,4,16,12,34,49,0,1,0
2020,4,16,12,34,49,0,1,0
2020,4,16,12,34,49,0,1,0
2020,4,16,12,34,49,0,1,0
2020,4,16,12,34,49,0,1,0
2020,4,16,12,34,49,0,1,0
2020,4,16,12,34,49,0,1,0
2020,4,16,12,34,49,0,1,0
2020,4,16,12,34,50,0,1,0
2020,4,16,12,34,50,0,1,0
2020,4,16,12,34,50,0,1,0
2020,4,16,12,34,50,0,1,0
2020,4,16,12,34,50,0,1,0
2020,4,16,12,34,50,0,1,0
2020,4,16,12,34,50,0,1,0
2020,4,16,12,34,50,0,1,0
2020,4,16,12,34,50,0,2,0
2020,4,16,12,34,50,0,2,0
2020,4,16,12,34,50,0,1,0
2020,4,16,12,34,50,0,1,0
2020,4,16,12,34,51,0,1,0
2020,4,16,12,34,51,0,1,0
2020,4,16,12,34,51,0,1,0
2020,4,16,12,34,51,0,1,0
2020,4,16,12,34,51,0,1,0
2020,4,16,12,34,51,0,1,0
2020,4,16,12,34,51,0,1,0
2020,4,16,12,34,51,0,1,0
2020,4,16,12,34,51,0,1,0
2020,4,16,12,34,51,0,1,0
2020,4,16,12,34,51,0,1,0
2020,4,16,12,34,51,0,1,0
2020,4,16,12,34,52,0,1,0
2020,4,16,12,34,52,0,1,0
2020,4,16,12,34,52,0,1,0
2020,4,16,12,34,52,0,1,0
2020,4,16,12,34,52,0,1,0
2020,4,16,12,34,52,0,1,0
2020,4,16,12,34,52,0,1,0
2020,4,16,12,34,52,0,1,0
2020,4,16,12,34,52,0,1,0
2020,4,16,12,34,52,0,1,0
2020,4,16,12,34,52,0,1,0
2020,4,16,12,34,53,0,1,0
2020,4,16,12,34,53,0,1,0
2020,4,16,12,34,53,0,1,0
2020,4,16,12,34,53,0,1,0
2020,4,16,12,34,53,0,1,0
2020,4,16,12,34,53,0,1,0
2020,4,16,12,34,53,0,1,0
2020,4,16,12,34,53,0,1,0
2020,4,16,12,34,53,0,1,0
2020,4,16,12,34,53,0,1,0
2020,4,16,12,34,53,0,1,0
2020,4,16,12,34,54,0,1,0
2020,4,16,12,34,54,0,1,0
2020,4,16,12,34,54,0,1,0
2020,4,16,12,34,54,0,1,0
2020,4,16,12,34,54,0,1,0
2020,4,16,12,34,54,0,1,0
2020,4,16,12,34,54,0,2,0
2020,4,16,12,34,54,0,2,0
2020,4,16,12,34,54,0,1,0
2020,4,16,12,34,54,0,1,0
2020,4,16,12,34,54,0,1,0
2020,4,16,12,34,54,0,1,0
2020,4,16,12,34,54,0,1,0
2020,4,16,12,34,55,0,1,0
2020,4,16,12,34,55,0,1,0
2020,4,16,12,34,55,0,1,0
2020,4,16,12,34,55,0,1,0
2020,4,16,12,34,55,0,1,0
2020,4,16,12,34,55,0,1,0
2020,4,16,12,34,55,0,1,0
2020,4,16,12,34,55,0,1,0
2020,4,16,12,34,55,0,1,0
2020,4,16,12,34,55,0,1,0
2020,4,16,12,34,55,0,1,0
2020,4,16,12,34,56,0,1,0
2020,4,16,12,34,56,0,1,0
2020,4,16,12,34,56,0,1,0
2020,4,16,12,34,56,0,1,0
2020,4,16,12,34,56,0,1,0
2020,4,16,12,34,56,0,1,0
2020,4,16,12,34,56,0,1,0
2020,4,16,12,34,56,0,1,0
2020,4,16,12,34,56,0,1,0
2020,4,16,12,34,56,0,1,0
2020,4,16,12,34,56,0,1,0
2020,4,16,12,34,57,0,1,0
2020,4,16,12,34,57,0,1,0
2020,4,16,12,34,57,0,1,0
2020,4,16,12,34,57,0,1,0
2020,4,16,12,34,57,0,1,0
2020,4,16,12,34,57,0,1,0
2020,4,16,12,34,57,0,1,0
2020,4,16,12,34,57,0,1,0
2020,4,16,12,34,57,0,1,0
2020,4,16,12,34,57,0,1,0
2020,4,16,12,34,57,0,1,0
2020,4,16,12,34,57,0,1,0
2020,4,16,12,34,58,0,2,0
2020,4,16,12,34,58,0,2,0
2020,4,16,12,34,58,0,1,0
2020,4,16,12,34,58,0,1,0
2020,4,16,12,34,58,0,1,0
2020,4,16,12,34,58,0,1,0
2020,4,16,12,34,58,0,1,0
2020,4,16,12,34,58,0,1,0
2020,4,16,12,34,58,0,1,0
2020,4,16,12,34,58,0,1,0
2020,4,16,12,34,58,0,2,0
2020,4,16,12,34,58,0,2,0
2020,4,16,12,34,58,0,1,0
2020,4,16,12,34,59,0,1,0
2020,4,16,12,34,59,0,1,0
2020,4,16,12,34,59,0,1,0
2020,4,16,12,34,59,0,1,0
2020,4,16,12,34,59,0,1,0
2020,4,16,12,34,59,0,1,0
2020,4,16,12,34,59,0,1,0
2020,4,16,12,34,59,0,1,0
2020,4,16,12,34,59,0,1,0
2020,4,16,12,34,59,0,1,0
2020,4,16,12,34,59,0,1,0
2020,4,16,12,35,0,0,1,0
2020,4,16,12,35,0,0,1,0
2020,4,16,12,35,0,0,1,0
2020,4,16,12,35,0,0,1,0
2020,4,16,12,35,0,0,1,0
2020,4,16,12,35,0,0,1,0
2020,4,16,12,35,0,0,1,0
2020,4,16,12,35,0,0,1,0
2020,4,16,12,35,0,0,1,0
2020,4,16,12,35,0,0,1,0
2020,4,16,12,35,0,0,1,0
2020,4,16,12,35,1,0,1,0
2020,4,16,12,35,1,0,1,0
2020,4,16,12,35,1,0,1,0
2020,4,16,12,35,1,0,1,0
2020,4,16,12,35,1,0,1,0
2020,4,16,12,35,1,0,1,0
2020,4,16,12,35,1,0,1,0
2020,4,16,12,35,1,0,1,0
2020,4,16,12,35,1,0,1,0
2020,4,16,12,35,1,0,1,0
2020,4,16,12,35,1,0,1,0
2020,4,16,12,35,1,0,1,0
2020,4,16,12,35,2,0,1,0
2020,4,16,12,35,2,0,1,0
2020,4,16,12,35,2,0,1,0
2020,4,16,12,35,2,0,1,0
2020,4,16,12,35,2,0,1,0
2020,4,16,12,35,2,0,1,0
2020,4,16,12,35,2,0,1,0
2020,4,16,12,35,2,0,1,0
2020,4,16,12,35,2,0,1,0
2020,4,16,12,35,2,0,1,0
2020,4,16,12,35,2,0,1,0
2020,4,16,12,35,3,0,1,0
2020,4,16,12,35,3,0,1,0
2020,4,16,12,35,3,0,1,0
2020,4,16,12,35,3,0,1,0
2020,4,16,12,35,3,0,1,0
2020,4,16,12,35,3,0,1,0
2020,4,16,12,35,3,0,1,0
2020,4,16,12,35,3,0,1,0
2020,4,16,12,35,3,0,1,0
2020,4,16,12,35,3,0,1,0
2020,4,16,12,35,3,0,1,0
2020,4,16,12,35,4,0,1,0
2020,4,16,12,35,4,0,2,0
2020,4,16,12,35,4,0,2,0
2020,4,16,12,35,4,0,1,0
2020,4,16,12,35,4,0,1,0
2020,4,16,12,35,4,0,1,0
2020,4,16,12,35,4,0,1,0
2020,4,16,12,35,4,0,1,0
2020,4,16,12,35,4,0,1,0
2020,4,16,12,35,4,0,1,0
2020,4,16,12,35,4,0,1,0
2020,4,16,12,35,4,0,1,0
2020,4,16,12,35,4,0,1,0
2020,4,16,12,35,5,0,1,0
2020,4,16,12,35,5,0,1,0
2020,4,16,12,35,5,0,1,0
2020,4,16,12,35,5,0,1,0
2020,4,16,12,35,5,0,1,0
2020,4,16,12,35,5,0,1,0
2020,4,16,12,35,5,0,1,0
2020,4,16,12,35,5,0,1,0
2020,4,16,12,35,5,0,1,0
2020,4,16,12,35,5,0,1,0
2020,4,16,12,35,5,0,1,0
2020,4,16,12,35,6,0,1,0
2020,4,16,12,35,6,0,1,0
2020,4,16,12,35,6,0,1,0
2020,4,16,12,35,6,0,1,0
2020,4,16,12,35,6,0,1,0
2020,4,16,12,35,6,0,1,0
2020,4,16,12,35,6,0,1,0
2020,4,16,12,35,6,0,1,0
2020,4,16,12,35,6,0,1,0
2020,4,16,12,35,6,0,1,0
2020,4,16,12,35,6,0,1,0
2020,4,16,12,35,7,0,1,0
2020,4,16,12,35,7,0,1,0
2020,4,16,12,35,7,0,1,0
2020,4,16,12,35,7,0,1,0
2020,4,16,12,35,7,0,1,0
2020,4,16,12,35,7,0,1,0
2020,4,16,12,35,7,0,1,0
2020,4,16,12,35,7,0,1,0
2020,4,16,12,35,7,0,1,0
2020,4,16,12,35,7,0,1,0
2020,4,16,12,35,7,0,1,0
2020,4,16,12,35,7,0,1,0
2020,4,16,12,35,8,0,1,0
2020,4,16,12,35,8,0,1,0
2020,4,16,12,35,8,0,1,0
2020,4,16,12,35,8,0,1,0
2020,4,16,12,35,8,0,1,0
2020,4,16,12,35,8,0,1,0
2020,4,16,12,35,8,0,1,0
2020,4,16,12,35,8,0,1,0
2020,4,16,12,35,8,0,1,0
2020,4,16,12,35,8,0,1,0
2020,4,16,12,35,8,0,1,0
2020,4,16,12,35,9,0,1,0
2020,4,16,12,35,9,0,1,0
2020,4,16,12,35,9,0,1,0
2020,4,16,12,35,9,0,1,0
2020,4,16,12,35,9,0,1,0
2020,4,16,12,35,9,0,1,0
2020,4,16,12,35,9,0,1,0
2020,4,16,12,35,9,0,1,0
2020,4,16,12,35,9,0,1,0
2020,4,16,12,35,9,0,1,0
2020,4,16,12,35,9,0,1,0
2020,4,16,12,35,10,0,1,0
2020,4,16,12,35,10,0,1,0
2020,4,16,12,35,10,0,1,0
2020,4,16,12,35,10,0,1,0
2020,4,16,12,35,10,0,1,0
2020,4,16,12,35,10,0,1,0
2020,4,16,12,35,10,0,1,0
2020,4,16,12,35,10,0,1,0
2020,4,16,12,35,10,0,1,0
2020,4,16,12,35,10,0,1,0
2020,4,16,12,35,10,0,1,0
2020,4,16,12,35,11,0,1,0
2020,4,16,12,35,11,0,1,0
2020,4,16,12,35,11,0,1,0
2020,4,16,12,35,11,0,1,0
2020,4,16,12,35,11,0,1,0
2020,4,16,12,35,11,0,1,0
2020,4,16,12,35,11,0,1,0
2020,4,16,12,35,11,0,1,0
2020,4,16,12,35,11,0,1,0
2020,4,16,12,35,11,0,1,0
2020,4,16,12,35,11,0,1,0
2020,4,16,12,35,11,0,1,0
2020,4,16,12,35,12,0,1,0
2020,4,16,12,35,12,0,1,0
2020,4,16,12,35,12,0,1,0
2020,4,16,12,35,12,0,1,0
2020,4,16,12,35,12,0,1,0
2020,4,16,12,35,12,0,2,0
2020,4,16,12,35,12,0,2,0
2020,4,16,12,35,12,0,1,0
2020,4,16,12,35,12,0,1,0
2020,4,16,12,35,12,0,1,0
2020,4,16,12,35,12,0,1,0
2020,4,16,12,35,12,0,1,0
2020,4,16,12,35,13,0,1,0
2020,4,16,12,35,13,0,1,0
2020,4,16,12,35,13,0,1,0
2020,4,16,12,35,13,0,1,0
2020,4,16,12,35,13,0,1,0
2020,4,16,12,35,13,0,1,0
2020,4,16,12,35,13,0,1,0
2020,4,16,12,35,13,0,1,0
2020,4,16,12,35,13,0,1,0
2020,4,16,12,35,13,0,1,0
2020,4,16,12,35,13,0,1,0
2020,4,16,12,35,14,0,1,0
2020,4,16,12,35,14,0,1,0
2020,4,16,12,35,14,0,1,0
2020,4,16,12,35,14,0,1,0
2020,4,16,12,35,14,0,1,0
2020,4,16,12,35,14,0,1,0
2020,4,16,12,35,14,0,1,0
2020,4,16,12,35,14,0,1,0
2020,4,16,12,35,14,0,1,0
2020,4,16,12,35,14,0,1,0
2020,4,16,12,35,14,0,1,0
2020,4,16,12,35,15,0,1,0
2020,4,16,12,35,15,0,1,0
2020,4,16,12,35,15,0,1,0
2020,4,16,12,35,15,0,1,0
2020,4,16,12,35,15,0,1,0
2020,4,16,12,35,15,0,1,0
2020,4,16,12,35,15,0,1,0
2020,4,16,12,35,15,0,1,0
2020,4,16,12,35,15,0,1,0
2020,4,16,12,35,15,0,1,0
2020,4,16,12,35,15,0,1,0
2020,4,16,12,35,16,0,1,0
2020,4,16,12,35,16,0,1,0
2020,4,16,12,35,16,0,1,0
2020,4,16,12,35,16,0,1,0
2020,4,16,12,35,16,0,1,0
2020,4,16,12,35,16,0,1,0
2020,4,16,12,35,16,0,1,0
2020,4,16,12,35,16,0,1,0
2020,4,16,12,35,16,0,1,0
2020,4,16,12,35,16,0,1,0
2020,4,16,12,35,16,0,1,0
2020,4,16,12,35,16,0,1,0
2020,4,16,12,35,17,0,1,0
2020,4,16,12,35,17,0,1,0
2020,4,16,12,35,17,0,1,0
2020,4,16,12,35,17,0,1,0
2020,4,16,12,35,17,0,1,0
2020,4,16,12,35,17,0,1,0
2020,4,16,12,35,17,0,1,0
2020,4,16,12,35,17,0,1,0
2020,4,16,12,35,17,0,1,0
2020,4,16,12,35,17,0,1,0
2020,4,16,12,35,17,0,1,0
2020,4,16,12,35,18,0,1,0
2020,4,16,12,35,18,0,1,0
2020,4,16,12,35,18,0,1,0
2020,4,16,12,35,18,0,1,0
2020,4,16,12,35,18,0,1,0
2020,4,16,12,35,18,0,1,0
2020,4,16,12,35,18,0,1,0
2020,4,16,12,35,18,0,1,0
2020,4,16,12,35,18,0,1,0
2020,4,16,12,35,18,0,1,0
2020,4,16,12,35,18,0,1,0
2020,4,16,12,35,19,0,1,0
2020,4,16,12,35,19,0,1,0
2020,4,16,12,35,19,0,1,0
2020,4,16,12,35,19,0,1,0
2020,4,16,12,35,19,0,1,0
2020,4,16,12,35,19,0,1,0
2020,4,16,12,35,19,0,1,0
2020,4,16,12,35,19,0,1,0
2020,4,16,12,35,19,0,1,0
2020,4,16,12,35,19,0,1,0
2020,4,16,12,35,19,0,1,0
2020,4,16,12,35,20,0,1,0
2020,4,16,12,35,20,0,1,0
2020,4,16,12,35,20,0,1,0
2020,4,16,12,35,20,0,1,0
2020,4,16,12,35,20,0,2,0
2020,4,16,12,35,20,0,2,0
2020,4,16,12,35,20,0,1,0
2020,4,16,12,35,20,0,1,0
2020,4,16,12,35,20,0,1,0
2020,4,16,12,35,20,0,1,0
2020,4,16,12,35,20,0,1,0
2020,4,16,12,35,20,0,1,0
2020,4,16,12,35,21,0,1,0
2020,4,16,12,35,21,0,2,0
2020,4,16,12,35,21,0,2,0
2020,4,16,12,35,21,0,1,0
2020,4,16,12,35,21,0,1,0
2020,4,16,12,35,21,0,1,0
2020,4,16,12,35,21,0,1,0
2020,4,16,12,35,21,0,1,0
2020,4,16,12,35,21,0,1,0
2020,4,16,12,35,21,0,1,0
2020,4,16,12,35,21,0,1,0
2020,4,16,12,35,21,0,2,0
2020,4,16,12,35,21,0,2,0
2020,4,16,12,35,22,0,1,0
2020,4,16,12,35,22,0,1,0
2020,4,16,12,35,22,0,1,0
2020,4,16,12,35,22,0,1,0
2020,4,16,12,35,22,0,1,0
2020,4,16,12,35,22,0,1,0
2020,4,16,12,35,22,0,1,0
2020,4,16,12,35,22,0,1,0
2020,4,16,12,35,22,0,1,0
2020,4,16,12,35,22,0,1,0
2020,4,16,12,35,22,0,1,0
2020,4,16,12,35,23,0,1,0
2020,4,16,12,35,23,0,1,0
2020,4,16,12,35,23,0,1,0
2020,4,16,12,35,23,0,1,0
2020,4,16,12,35,23,0,1,0
2020,4,16,12,35,23,0,2,0
2020,4,16,12,35,23,0,2,0
2020,4,16,12,35,23,0,1,0
2020,4,16,12,35,23,0,1,0
2020,4,16,12,35,23,0,1,0
2020,4,16,12,35,23,0,1,0
2020,4,16,12,35,23,0,1,0
2020,4,16,12,35,24,0,1,0
2020,4,16,12,35,24,0,1,0
2020,4,16,12,35,24,0,1,0
2020,4,16,12,35,24,0,1,0
2020,4,16,12,35,24,0,1,0
2020,4,16,12,35,24,0,1,0
2020,4,16,12,35,24,0,1,0
2020,4,16,12,35,24,0,1,0
2020,4,16,12,35,24,0,1,0
2020,4,16,12,35,24,0,1,0
2020,4,16,12,35,24,0,1,0
2020,4,16,12,35,25,0,1,0
2020,4,16,12,35,25,0,1,0
2020,4,16,12,35,25,0,1,0
2020,4,16,12,35,25,0,1,0
2020,4,16,12,35,25,0,1,0
2020,4,16,12,35,25,0,1,0
2020,4,16,12,35,25,0,1,0
2020,4,16,12,35,25,0,1,0
2020,4,16,12,35,25,0,1,0
2020,4,16,12,35,25,0,1,0
2020,4,16,12,35,25,0,1,0
2020,4,16,12,35,26,0,1,0
2020,4,16,12,35,26,0,1,0
2020,4,16,12,35,26,0,1,0
2020,4,16,12,35,26,0,1,0
2020,4,16,12,35,26,0,1,0
2020,4,16,12,35,26,0,1,0
2020,4,16,12,35,26,0,1,0
2020,4,16,12,35,26,0,1,0
2020,4,16,12,35,26,0,1,0
2020,4,16,12,35,26,0,1,0
2020,4,16,12,35,26,0,1,0
2020,4,16,12,35,26,0,1,0
2020,4,16,12,35,27,0,1,0
2020,4,16,12,35,27,0,1,0
2020,4,16,12,35,27,0,1,0
2020,4,16,12,35,27,0,1,0
2020,4,16,12,35,27,0,1,0
2020,4,16,12,35,27,0,2,0
2020,4,16,12,35,27,0,2,0
2020,4,16,12,35,27,0,1,0
2020,4,16,12,35,27,0,1,0
2020,4,16,12,35,27,0,1,0
2020,4,16,12,35,27,0,1,0
2020,4,16,12,35,27,0,1,0
2020,4,16,12,35,28,0,1,0
2020,4,16,12,35,28,0,1,0
2020,4,16,12,35,28,0,1,0
2020,4,16,12,35,28,0,1,0
2020,4,16,12,35,28,0,1,0
2020,4,16,12,35,28,0,1,0
2020,4,16,12,35,28,0,1,0
2020,4,16,12,35,28,0,1,0
2020,4,16,12,35,28,0,1,0
2020,4,16,12,35,28,0,1,0
2020,4,16,12,35,28,0,1,0
2020,4,16,12,35,29,0,1,0
2020,4,16,12,35,29,0,1,0
2020,4,16,12,35,29,0,1,0
2020,4,16,12,35,29,0,1,0
2020,4,16,12,35,29,0,1,0
2020,4,16,12,35,29,0,1,0
2020,4,16,12,35,29,0,1,0
2020,4,16,12,35,29,0,2,0
2020,4,16,12,35,29,0,2,0
2020,4,16,12,35,29,0,1,0
2020,4,16,12,35,29,0,1,0
2020,4,16,12,35,29,0,1,0
2020,4,16,12,35,30,0,1,0
2020,4,16,12,35,30,0,1,0
2020,4,16,12,35,30,0,1,0
2020,4,16,12,35,30,0,1,0
2020,4,16,12,35,30,0,1,0
2020,4,16,12,35,30,0,1,0
2020,4,16,12,35,30,0,1,0
2020,4,16,12,35,30,0,1,0
2020,4,16,12,35,30,0,1,0
2020,4,16,12,35,30,0,1,0
2020,4,16,12,35,30,0,1,0
2020,4,16,12,35,31,0,1,0
2020,4,16,12,35,31,0,1,0
2020,4,16,12,35,31,0,1,0
2020,4,16,12,35,31,0,1,0
2020,4,16,12,35,31,0,1,0
2020,4,16,12,35,31,0,1,0
2020,4,16,12,35,31,0,1,0
2020,4,16,12,35,31,0,1,0
2020,4,16,12,35,31,0,1,0
2020,4,16,12,35,31,0,1,0
2020,4,16,12,35,31,0,1,0
2020,4,16,12,35,32,0,1,0
2020,4,16,12,35,32,0,1,0
2020,4,16,12,35,32,0,1,0
2020,4,16,12,35,32,0,1,0
2020,4,16,12,35,32,0,1,0
2020,4,16,12,35,32,0,1,0
2020,4,16,12,35,32,0,1,0
2020,4,16,12,35,32,0,1,0
2020,4,16,12,35,32,0,2,0
2020,4,16,12,35,32,0,2,0
2020,4,16,12,35,32,0,1,0
2020,4,16,12,35,32,0,1,0
2020,4,16,12,35,33,0,1,0
2020,4,16,12,35,33,0,1,0
2020,4,16,12,35,33,0,1,0
2020,4,16,12,35,33,0,1,0
2020,4,16,12,35,33,0,1,0
2020,4,16,12,35,33,0,1,0
2020,4,16,12,35,33,0,1,0
2020,4,16,12,35,33,0,1,0
2020,4,16,12,35,33,0,1,0
2020,4,16,12,35,33,0,1,0
2020,4,16,12,35,33,0,1,0
2020,4,16,12,35,34,0,1,0
2020,4,16,12,35,34,0,2,0
2020,4,16,12,35,34,0,2,0
2020,4,16,12,35,34,0,1,0
2020,4,16,12,35,34,0,1,0
2020,4,16,12,35,34,0,1,0
2020,4,16,12,35,34,0,1,0
2020,4,16,12,35,34,0,1,0
2020,4,16,12,35,34,0,1,0
2020,4,16,12,35,34,0,1,0
2020,4,16,12,35,34,0,1,0
2020,4,16,12,35,34,0,1,0
2020,4,16,12,35,35,0,1,0
2020,4,16,12,35,35,0,1,0
2020,4,16,12,35,35,0,1,0
2020,4,16,12,35,35,0,1,0
2020,4,16,12,35,35,0,1,0
2020,4,16,12,35,35,0,1,0
2020,4,16,12,35,35,0,1,0
2020,4,16,12,35,35,0,1,0
2020,4,16,12,35,35,0,1,0
2020,4,16,12,35,35,0,1,0
2020,4,16,12,35,35,0,1,0
2020,4,16,12,35,36,0,1,0
2020,4,16,12,35,36,0,1,0
2020,4,16,12,35,36,0,1,0
2020,4,16,12,35,36,0,1,0
2020,4,16,12,35,36,0,1,0
2020,4,16,12,35,36,0,1,0
2020,4,16,12,35,36,0,1,0
2020,4,16,12,35,36,0,1,0
2020,4,16,12,35,36,0,1,0
2020,4,16,12,35,36,0,1,0
2020,4,16,12,35,36,0,1,0
2020,4,16,12,35,37,0,1,0
2020,4,16,12,35,37,0,1,0
2020,4,16,12,35,37,0,1,0
2020,4,16,12,35,37,0,1,0
2020,4,16,12,35,37,0,1,0
2020,4,16,12,35,37,0,1,0
2020,4,16,12,35,37,0,1,0
2020,4,16,12,35,37,0,1,0
2020,4,16,12,35,37,0,1,0
2020,4,16,12,35,37,0,1,0
2020,4,16,12,35,37,0,1,0
2020,4,16,12,35,38,0,1,0
2020,4,16,12,35,38,0,1,0
2020,4,16,12,35,38,0,1,0
2020,4,16,12,35,38,0,1,0
2020,4,16,12,35,38,0,1,0
2020,4,16,12,35,38,0,1,0
2020,4,16,12,35,38,0,1,0
2020,4,16,12,35,38,0,1,0
2020,4,16,12,35,38,0,1,0
2020,4,16,12,35,38,0,2,0
2020,4,16,12,35,38,0,2,0
2020,4,16,12,35,38,0,1,0
2020,4,16,12,35,39,0,1,0
2020,4,16,12,35,39,0,1,0
2020,4,16,12,35,39,0,1,0
2020,4,16,12,35,39,0,1,0
2020,4,16,12,35,39,0,1,0
2020,4,16,12,35,39,0,1,0
2020,4,16,12,35,39,0,1,0
2020,4,16,12,35,39,0,1,0
2020,4,16,12,35,39,0,1,0
2020,4,16,12,35,39,0,1,0
2020,4,16,12,35,39,0,1,0
2020,4,16,12,35,40,0,1,0
2020,4,16,12,35,40,0,1,0
2020,4,16,12,35,40,0,1,0
2020,4,16,12,35,40,0,1,0
2020,4,16,12,35,40,0,1,0
2020,4,16,12,35,40,0,1,0
2020,4,16,12,35,40,0,1,0
2020,4,16,12,35,40,0,1,0
2020,4,16,12,35,40,0,1,0
2020,4,16,12,35,40,0,2,0
2020,4,16,12,35,40,0,2,0
2020,4,16,12,35,40,0,1,0
2020,4,16,12,35,41,0,1,0
2020,4,16,12,35,41,0,1,0
2020,4,16,12,35,41,0,1,0
2020,4,16,12,35,41,0,1,0
2020,4,16,12,35,41,0,1,0
2020,4,16,12,35,41,0,1,0
2020,4,16,12,35,41,0,1,0
2020,4,16,12,35,41,0,1,0
2020,4,16,12,35,41,0,1,0
2020,4,16,12,35,41,0,1,0
2020,4,16,12,35,41,0,1,0
2020,4,16,12,35,42,0,1,0
2020,4,16,12,35,42,0,1,0
2020,4,16,12,35,42,0,1,0
2020,4,16,12,35,42,0,1,0
2020,4,16,12,35,42,0,1,0
2020,4,16,12,35,42,0,1,0
2020,4,16,12,35,42,0,1,0
2020,4,16,12,35,42,0,1,0
2020,4,16,12,35,42,0,1,0
2020,4,16,12,35,42,0,1,0
2020,4,16,12,35,42,0,1,0
2020,4,16,12,35,43,0,1,0
2020,4,16,12,35,43,0,1,0
2020,4,16,12,35,43,0,1,0
2020,4,16,12,35,43,0,1,0
2020,4,16,12,35,43,0,1,0
2020,4,16,12,35,43,0,1,0
2020,4,16,12,35,43,0,1,0
2020,4,16,12,35,43,0,1,0
2020,4,16,12,35,43,0,1,0
2020,4,16,12,35,43,0,1,0
2020,4,16,12,35,43,0,1,0
2020,4,16,12,35,44,0,1,0
2020,4,16,12,35,44,0,1,0
2020,4,16,12,35,44,0,1,0
2020,4,16,12,35,44,0,1,0
2020,4,16,12,35,44,0,1,0
2020,4,16,12,35,44,0,1,0
2020,4,16,12,35,44,0,1,0
2020,4,16,12,35,44,0,1,0
2020,4,16,12,35,44,0,1,0
2020,4,16,12,35,44,0,1,0
2020,4,16,12,35,44,0,1,0
2020,4,16,12,35,45,0,2,0
2020,4,16,12,35,45,0,2,0
2020,4,16,12,35,45,0,1,0
2020,4,16,12,35,45,0,1,0
2020,4,16,12,35,45,0,1,0
2020,4,16,12,35,45,0,1,0
2020,4,16,12,35,45,0,1,0
2020,4,16,12,35,45,0,1,0
2020,4,16,12,35,45,0,1,0
2020,4,16,12,35,45,0,1,0
2020,4,16,12,35,45,0,1,0
2020,4,16,12,35,45,0,1,0
2020,4,16,12,35,46,0,1,0
2020,4,16,12,35,46,0,1,0
2020,4,16,12,35,46,0,1,0
2020,4,16,12,35,46,0,1,0
2020,4,16,12,35,46,0,1,0
2020,4,16,12,35,46,0,1,0
2020,4,16,12,35,46,0,2,0
2020,4,16,12,35,46,0,2,0
2020,4,16,12,35,46,0,1,0
2020,4,16,12,35,46,0,1,0
2020,4,16,12,35,46,0,1,0
2020,4,16,12,35,47,0,1,0
2020,4,16,12,35,47,0,1,0
2020,4,16,12,35,47,0,1,0
2020,4,16,12,35,47,0,1,0
2020,4,16,12,35,47,0,1,0
2020,4,16,12,35,47,0,1,0
2020,4,16,12,35,47,0,1,0
2020,4,16,12,35,47,0,1,0
2020,4,16,12,35,47,0,1,0
2020,4,16,12,35,47,0,1,0
2020,4,16,12,35,47,0,1,0
2020,4,16,12,35,48,0,1,0
2020,4,16,12,35,48,0,1,0
2020,4,16,12,35,48,0,2,0
2020,4,16,12,35,48,0,2,0
2020,4,16,12,35,48,0,1,0
2020,4,16,12,35,48,0,1,0
2020,4,16,12,35,48,0,1,0
2020,4,16,12,35,48,0,1,0
2020,4,16,12,35,48,0,1,0
2020,4,16,12,35,48,0,1,0
2020,4,16,12,35,48,0,1,0
2020,4,16,12,35,48,0,1,0
2020,4,16,12,35,49,0,2,0
2020,4,16,12,35,49,0,2,0
2020,4,16,12,35,49,0,1,0
2020,4,16,12,35,49,0,1,0
2020,4,16,12,35,49,0,1,0
2020,4,16,12,35,49,0,1,0
2020,4,16,12,35,49,0,1,0
2020,4,16,12,35,49,0,1,0
2020,4,16,12,35,49,0,1,0
2020,4,16,12,35,49,0,1,0
2020,4,16,12,35,49,0,1,0
2020,4,16,12,35,49,0,1,0
2020,4,16,12,35,50,0,1,0
2020,4,16,12,35,50,0,1,0
2020,4,16,12,35,50,0,1,0
2020,4,16,12,35,50,0,1,0
2020,4,16,12,35,50,0,1,0
2020,4,16,12,35,50,0,1,0
2020,4,16,12,35,50,0,1,0
2020,4,16,12,35,50,0,1,0
2020,4,16,12,35,50,0,1,0
2020,4,16,12,35,50,0,1,0
2020,4,16,12,35,50,0,1,0
2020,4,16,12,35,51,0,1,0
2020,4,16,12,35,51,0,1,0
2020,4,16,12,35,51,0,1,0
2020,4,16,12,35,51,0,1,0
2020,4,16,12,35,51,0,1,0
2020,4,16,12,35,51,0,1,0
2020,4,16,12,35,51,0,1,0
2020,4,16,12,35,51,0,1,0
2020,4,16,12,35,51,0,1,0
2020,4,16,12,35,51,0,1,0
2020,4,16,12,35,51,0,1,0
2020,4,16,12,35,52,0,1,0
2020,4,16,12,35,52,0,1,0
2020,4,16,12,35,52,0,1,0
2020,4,16,12,35,52,0,1,0
2020,4,16,12,35,52,0,1,0
2020,4,16,12,35,52,0,1,0
2020,4,16,12,35,52,0,1,0
2020,4,16,12,35,52,0,1,0
2020,4,16,12,35,52,0,1,0
2020,4,16,12,35,52,0,1,0
2020,4,16,12,35,52,0,1,0
2020,4,16,12,35,53,0,1,0
2020,4,16,12,35,53,0,1,0
2020,4,16,12,35,53,0,2,0
2020,4,16,12,35,53,0,2,0
2020,4,16,12,35,53,0,1,0
2020,4,16,12,35,53,0,1,0
2020,4,16,12,35,53,0,1,0
2020,4,16,12,35,53,0,1,0
2020,4,16,12,35,53,0,1,0
2020,4,16,12,35,53,0,1,0
2020,4,16,12,35,53,0,1,0
2020,4,16,12,35,53,0,1,0
2020,4,16,12,35,54,0,1,0
2020,4,16,12,35,54,0,1,0
2020,4,16,12,35,54,0,1,0
2020,4,16,12,35,54,0,1,0
2020,4,16,12,35,54,0,1,0
2020,4,16,12,35,54,0,1,0
2020,4,16,12,35,54,0,1,0
2020,4,16,12,35,54,0,1,0
2020,4,16,12,35,54,0,1,0
2020,4,16,12,35,54,0,1,0
2020,4,16,12,35,54,0,1,0
2020,4,16,12,35,55,0,1,0
2020,4,16,12,35,55,0,1,0
2020,4,16,12,35,55,0,1,0
2020,4,16,12,35,55,0,1,0
2020,4,16,12,35,55,0,1,0
2020,4,16,12,35,55,0,1,0
2020,4,16,12,35,55,0,1,0
2020,4,16,12,35,55,0,1,0
2020,4,16,12,35,55,0,1,0
2020,4,16,12,35,55,0,1,0
2020,4,16,12,35,55,0,1,0
2020,4,16,12,35,56,0,1,0
2020,4,16,12,35,56,0,1,0
2020,4,16,12,35,56,0,1,0
2020,4,16,12,35,56,0,1,0
2020,4,16,12,35,56,0,1,0
2020,4,16,12,35,56,0,1,0
2020,4,16,12,35,56,0,1,0
2020,4,16,12,35,56,0,1,0
2020,4,16,12,35,56,0,1,0
2020,4,16,12,35,56,0,1,0
2020,4,16,12,35,56,0,1,0
2020,4,16,12,35,57,0,1,0
2020,4,16,12,35,57,0,1,0
2020,4,16,12,35,57,0,1,0
2020,4,16,12,35,57,0,1,0
2020,4,16,12,35,57,0,1,0
2020,4,16,12,35,57,0,1,0
2020,4,16,12,35,57,0,1,0
2020,4,16,12,35,57,0,1,0
2020,4,16,12,35,57,0,1,0
2020,4,16,12,35,57,0,1,0
2020,4,16,12,35,57,0,1,0
2020,4,16,12,35,58,0,1,0
2020,4,16,12,35,58,0,2,0
2020,4,16,12,35,58,0,2,0
2020,4,16,12,35,58,0,1,0
2020,4,16,12,35,58,0,2,0
2020,4,16,12,35,58,0,2,0
2020,4,16,12,35,58,0,1,0
2020,4,16,12,35,58,0,1,0
2020,4,16,12,35,58,0,1,0
2020,4,16,12,35,58,0,1,0
2020,4,16,12,35,58,0,1,0
2020,4,16,12,35,58,0,1,0
2020,4,16,12,35,59,0,1,0
2020,4,16,12,35,59,0,1,0
2020,4,16,12,35,59,0,1,0
2020,4,16,12,35,59,0,1,0
2020,4,16,12,35,59,0,1,0
2020,4,16,12,35,59,0,1,0
2020,4,16,12,35,59,0,1,0
2020,4,16,12,35,59,0,1,0
2020,4,16,12,35,59,0,1,0
2020,4,16,12,35,59,0,1,0
2020,4,16,12,36,0,0,1,0
2020,4,16,12,36,0,0,1,0
2020,4,16,12,36,0,0,1,0
2020,4,16,12,36,0,0,1,0
2020,4,16,12,36,0,0,1,0
2020,4,16,12,36,0,0,1,0
2020,4,16,12,36,0,0,1,0
2020,4,16,12,36,0,0,1,0
2020,4,16,12,36,0,0,1,0
2020,4,16,12,36,0,0,1,0
2020,4,16,12,36,1,0,1,0
2020,4,16,12,36,1,0,1,0
2020,4,16,12,36,1,0,1,0
2020,4,16,12,36,1,1,1,0
2020,4,16,12,36,1,1,1,0
2020,4,16,12,36,1,1,1,0
2020,4,16,12,36,1,1,1,0
2020,4,16,12,36,1,0,1,0
2020,4,16,12,36,1,0,1,0
2020,4,16,12,36,1,0,1,0
2020,4,16,12,36,2,0,1,0
2020,4,16,12,36,2,0,1,0
2020,4,16,12,36,2,0,1,0
2020,4,16,12,36,2,0,1,0
2020,4,16,12,36,2,0,1,0
2020,4,16,12,36,3,0,1,0
2020,4,16,12,36,3,0,1,0
2020,4,16,12,36,3,0,1,0
2020,4,16,12,36,3,0,1,0
2020,4,16,12,36,3,0,1,0
2020,4,16,12,36,3,0,1,0
2020,4,16,12,36,3,0,1,0
2020,4,16,12,36,3,0,1,0
2020,4,16,12,36,3,0,1,0
2020,4,16,12,36,3,0,1,0
2020,4,16,12,36,3,0,1,0
2020,4,16,12,36,4,0,1,0
2020,4,16,12,36,4,0,1,0
2020,4,16,12,36,4,0,1,0
2020,4,16,12,36,4,0,1,0
2020,4,16,12,36,4,0,1,0
2020,4,16,12,36,4,0,1,0
2020,4,16,12,36,4,0,1,0
2020,4,16,12,36,4,0,1,0
2020,4,16,12,36,4,0,1,0
2020,4,16,12,36,4,0,1,0
2020,4,16,12,36,5,0,1,0
2020,4,16,12,36,5,0,2,0
2020,4,16,12,36,5,0,2,0
2020,4,16,12,36,5,0,1,0
2020,4,16,12,36,5,0,1,0
2020,4,16,12,36,5,0,2,0
2020,4,16,12,36,5,0,2,0
2020,4,16,12,36,5,0,2,0
2020,4,16,12,36,5,0,2,0
2020,4,16,12,36,5,0,1,0
2020,4,16,12,36,5,0,2,0
2020,4,16,12,36,5,0,2,0
2020,4,16,12,36,5,0,1,0
2020,4,16,12,36,5,0,2,0
2020,4,16,12,36,5,0,2,0
2020,4,16,12,36,6,0,1,0
2020,4,16,12,36,6,1,1,0
2020,4,16,12,36,6,1,1,0
2020,4,16,12,36,6,0,1,0
2020,4,16,12,36,6,0,1,0
2020,4,16,12,36,6,0,1,0
2020,4,16,12,36,6,0,2,0
2020,4,16,12,36,6,0,2,0
2020,4,16,12,36,6,0,2,0
2020,4,16,12,36,6,0,2,0
2020,4,16,12,36,6,0,2,0
2020,4,16,12,36,6,0,2,0
2020,4,16,12,36,6,0,1,0
2020,4,16,12,36,6,0,1,0
2020,4,16,12,36,7,1,1,0
2020,4,16,12,36,7,1,1,0
2020,4,16,12,36,7,0,1,0
2020,4,16,12,36,7,0,1,0
2020,4,16,12,36,7,0,1,0
2020,4,16,12,36,7,0,2,0
2020,4,16,12,36,7,0,2,0
2020,4,16,12,36,7,0,1,0
2020,4,16,12,36,7,0,1,0
2020,4,16,12,36,7,0,1,0
2020,4,16,12,36,7,0,2,0
2020,4,16,12,36,7,0,2,0
2020,4,16,12,36,7,0,2,0
2020,4,16,12,36,7,0,2,0
2020,4,16,12,36,8,0,1,0
2020,4,16,12,36,8,0,1,0
2020,4,16,12,36,8,0,2,0
2020,4,16,12,36,8,0,2,0
2020,4,16,12,36,8,0,3,0
2020,4,16,12,36,8,0,3,0
2020,4,16,12,36,8,0,3,0
2020,4,16,12,36,8,0,3,0
2020,4,16,12,36,8,0,3,0
2020,4,16,12,36,8,0,3,0
2020,4,16,12,36,8,0,3,0
2020,4,16,12,36,8,0,3,0
2020,4,16,12,36,8,0,3,0
2020,4,16,12,36,8,0,1,0
2020,4,16,12,36,8,0,3,0
2020,4,16,12,36,8,0,3,0
2020,4,16,12,36,8,0,3,0
2020,4,16,12,36,8,0,2,0
2020,4,16,12,36,8,0,2,0
2020,4,16,12,36,8,0,3,0
2020,4,16,12,36,8,0,3,0
2020,4,16,12,36,8,0,3,0
2020,4,16,12,36,8,0,1,0
2020,4,16,12,36,8,0,3,0
2020,4,16,12,36,9,0,3,0
2020,4,16,12,36,9,0,3,0
2020,4,16,12,36,9,0,3,0
2020,4,16,12,36,9,0,3,0
2020,4,16,12,36,9,0,3,0
2020,4,16,12,36,9,0,3,0
2020,4,16,12,36,9,0,3,0
2020,4,16,12,36,9,0,3,0
2020,4,16,12,36,9,0,2,0
2020,4,16,12,36,9,0,2,0
2020,4,16,12,36,9,0,2,0
2020,4,16,12,36,9,0,2,0
2020,4,16,12,36,9,0,3,0
2020,4,16,12,36,9,0,3,0
2020,4,16,12,36,9,0,3,0
2020,4,16,12,36,9,0,3,0
2020,4,16,12,36,9,0,3,0
2020,4,16,12,36,9,0,3,0
2020,4,16,12,36,9,0,3,0
2020,4,16,12,36,9,0,3,0
2020,4,16,12,36,9,0,3,0
2020,4,16,12,36,9,0,3,0
2020,4,16,12,36,9,0,3,0
2020,4,16,12,36,9,0,3,0
2020,4,16,12,36,9,0,2,0
2020,4,16,12,36,9,0,2,0
2020,4,16,12,36,9,0,2,0
2020,4,16,12,36,9,0,2,0
2020,4,16,12,36,9,0,2,0
2020,4,16,12,36,9,0,2,0
2020,4,16,12,36,9,0,3,0
2020,4,16,12,36,9,0,3,0
2020,4,16,12,36,9,0,3,0
2020,4,16,12,36,10,0,1,0
2020,4,16,12,36,10,0,1,0
2020,4,16,12,36,10,0,3,0
2020,4,16,12,36,10,0,3,0
2020,4,16,12,36,10,0,3,0
2020,4,16,12,36,10,0,2,0
2020,4,16,12,36,10,0,2,0
2020,4,16,12,36,10,0,2,0
2020,4,16,12,36,10,0,2,0
2020,4,16,12,36,10,0,3,0
2020,4,16,12,36,10,0,3,0
2020,4,16,12,36,10,0,3,0
2020,4,16,12,36,10,0,1,0
2020,4,16,12,36,10,0,2,0
2020,4,16,12,36,10,0,2,0
2020,4,16,12,36,10,0,2,0
2020,4,16,12,36,10,0,2,0
2020,4,16,12,36,10,0,2,0
2020,4,16,12,36,10,0,2,0
2020,4,16,12,36,10,0,1,0
2020,4,16,12,36,10,0,2,0
2020,4,16,12,36,10,0,2,0
2020,4,16,12,36,10,0,3,0
2020,4,16,12,36,10,0,3,0
2020,4,16,12,36,10,0,3,0
2020,4,16,12,36,10,0,3,0
2020,4,16,12,36,10,0,3,0
2020,4,16,12,36,10,0,3,0
2020,4,16,12,36,11,0,2,0
2020,4,16,12,36,11,0,2,0
2020,4,16,12,36,11,0,3,0
2020,4,16,12,36,11,0,3,0
2020,4,16,12,36,11,0,3,0
2020,4,16,12,36,11,0,3,0
2020,4,16,12,36,11,0,3,0
2020,4,16,12,36,11,0,3,0
2020,4,16,12,36,11,0,3,0
2020,4,16,12,36,11,0,3,0
2020,4,16,12,36,11,0,3,0
2020,4,16,12,36,11,0,2,0
2020,4,16,12,36,11,0,2,0
2020,4,16,12,36,11,0,2,0
2020,4,16,12,36,11,0,2,0
2020,4,16,12,36,11,0,2,0
2020,4,16,12,36,11,0,2,0
2020,4,16,12,36,11,0,2,0
2020,4,16,12,36,11,0,2,0
2020,4,16,12,36,11,0,3,0
2020,4,16,12,36,11,0,3,0
2020,4,16,12,36,11,0,3,0
2020,4,16,12,36,11,0,3,0
2020,4,16,12,36,11,0,3,0
2020,4,16,12,36,11,0,3,0
2020,4,16,12,36,11,0,2,0
2020,4,16,12,36,11,0,2,0
2020,4,16,12,36,11,0,2,0
2020,4,16,12,36,11,0,2,0
2020,4,16,12,36,11,0,3,0
2020,4,16,12,36,11,0,3,0
2020,4,16,12,36,11,0,3,0
2020,4,16,12,36,12,0,3,0
2020,4,16,12,36,12,0,3,0
2020,4,16,12,36,12,0,3,0
2020,4,16,12,36,12,0,3,0
2020,4,16,12,36,12,0,3,0
2020,4,16,12,36,12,0,3,0
2020,4,16,12,36,12,0,1,0
2020,4,16,12,36,12,0,2,0
2020,4,16,12,36,12,0,2,0
2020,4,16,12,36,12,0,2,0
2020,4,16,12,36,12,0,2,0
2020,4,16,12,36,12,0,2,0
2020,4,16,12,36,12,0,2,0
2020,4,16,12,36,12,0,2,0
2020,4,16,12,36,12,0,2,0
2020,4,16,12,36,12,0,2,0
2020,4,16,12,36,12,0,2,0
2020,4,16,12,36,12,0,1,0
2020,4,16,12,36,12,0,2,0
2020,4,16,12,36,12,0,2,0
2020,4,16,12,36,12,0,3,0
2020,4,16,12,36,12,0,3,0
2020,4,16,12,36,12,0,3,0
2020,4,16,12,36,12,0,2,0
2020,4,16,12,36,12,0,2,0
2020,4,16,12,36,12,0,3,0
2020,4,16,12,36,12,0,3,0
2020,4,16,12,36,12,0,3,0
2020,4,16,12,36,13,0,3,0
2020,4,16,12,36,13,0,3,0
2020,4,16,12,36,13,0,3,0
2020,4,16,12,36,13,0,3,0
2020,4,16,12,36,13,0,3,0
2020,4,16,12,36,13,0,3,0
2020,4,16,12,36,13,0,1,0
2020,4,16,12,36,13,0,3,0
2020,4,16,12,36,13,0,3,0
2020,4,16,12,36,13,0,3,0
2020,4,16,12,36,13,0,2,0
2020,4,16,12,36,13,0,2,0
2020,4,16,12,36,13,0,3,0
2020,4,16,12,36,13,0,3,0
2020,4,16,12,36,13,0,3,0
2020,4,16,12,36,13,0,3,0
2020,4,16,12,36,13,0,3,0
2020,4,16,12,36,13,0,3,0
2020,4,16,12,36,13,0,3,0
2020,4,16,12,36,13,0,3,0
2020,4,16,12,36,13,0,3,0
2020,4,16,12,36,13,0,3,0
2020,4,16,12,36,13,0,3,0
2020,4,16,12,36,13,0,3,0
2020,4,16,12,36,13,0,3,0
2020,4,16,12,36,13,0,3,0
2020,4,16,12,36,13,0,3,0
2020,4,16,12,36,13,0,2,0
2020,4,16,12,36,13,0,2,0
2020,4,16,12,36,13,0,3,0
2020,4,16,12,36,13,0,3,0
2020,4,16,12,36,13,0,3,0
2020,4,16,12,36,13,0,3,0
2020,4,16,12,36,13,0,3,0
2020,4,16,12,36,13,0,3,0
2020,4,16,12,36,14,0,3,0
2020,4,16,12,36,14,0,3,0
2020,4,16,12,36,14,0,3,0
2020,4,16,12,36,14,0,2,0
2020,4,16,12,36,14,0,2,0
2020,4,16,12,36,14,0,3,0
2020,4,16,12,36,14,0,3,0
2020,4,16,12,36,14,0,3,0
2020,4,16,12,36,14,0,3,0
2020,4,16,12,36,14,0,3,0
2020,4,16,12,36,14,0,3,0
2020,4,16,12,36,14,0,2,0
2020,4,16,12,36,14,0,2,0
2020,4,16,12,36,14,0,3,0
2020,4,16,12,36,14,0,3,0
2020,4,16,12,36,14,0,3,0
2020,4,16,12,36,14,0,3,0
2020,4,16,12,36,14,0,3,0
2020,4,16,12,36,14,0,3,0
2020,4,16,12,36,14,0,1,0
2020,4,16,12,36,14,0,2,0
2020,4,16,12,36,14,0,2,0
2020,4,16,12,36,14,0,3,0
2020,4,16,12,36,14,0,3,0
2020,4,16,12,36,14,0,3,0
2020,4,16,12,36,14,0,3,0
2020,4,16,12,36,14,0,3,0
2020,4,16,12,36,14,0,3,0
2020,4,16,12,36,14,0,3,0
2020,4,16,12,36,14,0,3,0
2020,4,16,12,36,14,0,3,0
2020,4,16,12,36,15,0,3,0
2020,4,16,12,36,15,0,3,0
2020,4,16,12,36,15,0,3,0
2020,4,16,12,36,15,0,3,0
2020,4,16,12,36,15,0,3,0
2020,4,16,12,36,15,0,3,0
2020,4,16,12,36,15,0,3,0
2020,4,16,12,36,15,0,3,0
2020,4,16,12,36,15,0,3,0
2020,4,16,12,36,15,0,3,0
2020,4,16,12,36,15,0,3,0
2020,4,16,12,36,15,0,3,0
2020,4,16,12,36,15,0,2,0
2020,4,16,12,36,15,0,2,0
2020,4,16,12,36,15,0,3,0
2020,4,16,12,36,15,0,3,0
2020,4,16,12,36,15,0,3,0
2020,4,16,12,36,15,0,3,0
2020,4,16,12,36,15,0,3,0
2020,4,16,12,36,15,0,3,0
2020,4,16,12,36,15,0,2,0
2020,4,16,12,36,15,0,2,0
2020,4,16,12,36,15,0,3,0
2020,4,16,12,36,15,0,3,0
2020,4,16,12,36,15,0,3,0
2020,4,16,12,36,15,0,3,0
2020,4,16,12,36,15,0,3,0
2020,4,16,12,36,15,0,3,0
2020,4,16,12,36,15,0,2,0
2020,4,16,12,36,15,0,2,0
2020,4,16,12,36,15,0,2,0
2020,4,16,12,36,15,0,2,0
2020,4,16,12,36,15,0,2,0
2020,4,16,12,36,15,0,2,0
2020,4,16,12,36,16,0,3,0
2020,4,16,12,36,16,0,3,0
2020,4,16,12,36,16,0,3,0
2020,4,16,12,36,16,0,3,0
2020,4,16,12,36,16,0,3,0
2020,4,16,12,36,16,0,3,0
2020,4,16,12,36,16,0,3,0
2020,4,16,12,36,16,0,3,0
2020,4,16,12,36,16,0,3,0
2020,4,16,12,36,16,0,1,0
2020,4,16,12,36,16,0,2,0
2020,4,16,12,36,16,0,2,0
2020,4,16,12,36,16,0,2,0
2020,4,16,12,36,16,0,2,0
2020,4,16,12,36,16,0,2,0
2020,4,16,12,36,16,0,2,0
2020,4,16,12,36,16,0,2,0
2020,4,16,12,36,16,0,2,0
2020,4,16,12,36,16,0,2,0
2020,4,16,12,36,16,0,2,0
2020,4,16,12,36,16,0,1,0
2020,4,16,12,36,16,0,1,0
2020,4,16,12,36,16,0,3,0
2020,4,16,12,36,16,0,3,0
2020,4,16,12,36,16,0,3,0
2020,4,16,12,36,17,0,3,0
2020,4,16,12,36,17,0,3,0
2020,4,16,12,36,17,0,3,0
2020,4,16,12,36,17,0,3,0
2020,4,16,12,36,17,0,3,0
2020,4,16,12,36,17,0,3,0
2020,4,16,12,36,17,0,3,0
2020,4,16,12,36,17,0,3,0
2020,4,16,12,36,17,0,3,0
2020,4,16,12,36,17,0,2,0
2020,4,16,12,36,17,0,2,0
2020,4,16,12,36,17,0,1,0
2020,4,16,12,36,17,0,3,0
2020,4,16,12,36,17,0,3,0
2020,4,16,12,36,17,0,3,0
2020,4,16,12,36,17,0,2,0
2020,4,16,12,36,17,0,2,0
2020,4,16,12,36,17,0,2,0
2020,4,16,12,36,17,0,2,0
2020,4,16,12,36,17,0,3,0
2020,4,16,12,36,17,0,3,0
2020,4,16,12,36,17,0,3,0
2020,4,16,12,36,17,0,2,0
2020,4,16,12,36,17,0,2,0
2020,4,16,12,36,17,0,3,0
2020,4,16,12,36,17,0,3,0
2020,4,16,12,36,17,0,3,0
2020,4,16,12,36,17,0,2,0
2020,4,16,12,36,17,0,2,0
2020,4,16,12,36,18,0,2,0
2020,4,16,12,36,18,0,2,0
2020,4,16,12,36,18,0,2,0
2020,4,16,12,36,18,0,2,0
2020,4,16,12,36,18,0,2,0
2020,4,16,12,36,18,0,2,0
2020,4,16,12,36,18,0,3,0
2020,4,16,12,36,18,0,3,0
2020,4,16,12,36,18,0,3,0
2020,4,16,12,36,18,0,2,0
2020,4,16,12,36,18,0,2,0
2020,4,16,12,36,18,0,2,0
2020,4,16,12,36,18,0,2,0
2020,4,16,12,36,18,0,3,0
2020,4,16,12,36,18,0,3,0
2020,4,16,12,36,18,0,3,0
2020,4,16,12,36,18,0,2,0
2020,4,16,12,36,18,0,2,0
2020,4,16,12,36,18,0,2,0
2020,4,16,12,36,18,0,2,0
2020,4,16,12,36,18,0,2,0
2020,4,16,12,36,18,0,2,0
2020,4,16,12,36,18,0,3,0
2020,4,16,12,36,18,0,3,0
2020,4,16,12,36,18,0,3,0
2020,4,16,12,36,18,0,2,0
2020,4,16,12,36,18,0,2,0
2020,4,16,12,36,18,0,2,0
2020,4,16,12,36,18,0,2,0
2020,4,16,12,36,18,0,3,0
2020,4,16,12,36,19,0,3,0
2020,4,16,12,36,19,0,3,0
2020,4,16,12,36,19,0,3,0
2020,4,16,12,36,19,0,3,0
2020,4,16,12,36,19,0,3,0
2020,4,16,12,36,19,0,2,0
2020,4,16,12,36,19,0,2,0
2020,4,16,12,36,19,0,2,0
2020,4,16,12,36,19,0,2,0
2020,4,16,12,36,19,0,3,0
2020,4,16,12,36,19,0,3,0
2020,4,16,12,36,19,0,3,0
2020,4,16,12,36,19,0,3,0
2020,4,16,12,36,19,0,3,0
2020,4,16,12,36,19,0,3,0
2020,4,16,12,36,19,0,2,0
2020,4,16,12,36,19,0,2,0
2020,4,16,12,36,19,0,2,0
2020,4,16,12,36,19,0,2,0
2020,4,16,12,36,19,0,3,0
2020,4,16,12,36,19,0,3,0
2020,4,16,12,36,19,0,3,0
2020,4,16,12,36,19,0,3,0
2020,4,16,12,36,19,0,3,0
2020,4,16,12,36,19,0,3,0
2020,4,16,12,36,19,0,3,0
2020,4,16,12,36,19,0,3,0
2020,4,16,12,36,19,0,3,0
2020,4,16,12,36,19,0,3,0
2020,4,16,12,36,19,0,3,0
2020,4,16,12,36,19,0,3,0
2020,4,16,12,36,19,0,3,0
2020,4,16,12,36,19,0,3,0
2020,4,16,12,36,19,0,3,0
2020,4,16,12,36,20,0,3,0
2020,4,16,12,36,20,0,3,0
2020,4,16,12,36,20,0,3,0
2020,4,16,12,36,20,0,2,0
2020,4,16,12,36,20,0,2,0
2020,4,16,12,36,20,0,3,0
2020,4,16,12,36,20,0,3,0
2020,4,16,12,36,20,0,3,0
2020,4,16,12,36,20,0,2,0
2020,4,16,12,36,20,0,2,0
2020,4,16,12,36,20,0,3,0
2020,4,16,12,36,20,0,3,0
2020,4,16,12,36,20,0,3,0
2020,4,16,12,36,20,0,3,0
2020,4,16,12,36,20,0,3,0
2020,4,16,12,36,20,0,3,0
2020,4,16,12,36,20,0,3,0
2020,4,16,12,36,20,0,3,0
2020,4,16,12,36,20,0,3,0
2020,4,16,12,36,20,0,3,0
2020,4,16,12,36,20,0,3,0
2020,4,16,12,36,20,0,3,0
2020,4,16,12,36,20,0,3,0
2020,4,16,12,36,20,0,3,0
2020,4,16,12,36,20,0,3,0
2020,4,16,12,36,20,0,3,0
2020,4,16,12,36,20,0,3,0
2020,4,16,12,36,20,0,3,0
2020,4,16,12,36,20,0,1,0
2020,4,16,12,36,20,0,3,0
2020,4,16,12,36,20,0,3,0
2020,4,16,12,36,20,0,3,0
2020,4,16,12,36,21,0,3,0
2020,4,16,12,36,21,0,3,0
2020,4,16,12,36,21,0,3,0
2020,4,16,12,36,21,0,2,0
2020,4,16,12,36,21,0,2,0
2020,4,16,12,36,21,0,2,0
2020,4,16,12,36,21,0,2,0
2020,4,16,12,36,21,0,3,0
2020,4,16,12,36,21,0,3,0
2020,4,16,12,36,21,0,3,0
2020,4,16,12,36,21,0,3,0
2020,4,16,12,36,21,0,3,0
2020,4,16,12,36,21,0,3,0
2020,4,16,12,36,21,0,3,0
2020,4,16,12,36,21,0,3,0
2020,4,16,12,36,21,0,3,0
2020,4,16,12,36,21,0,1,0
2020,4,16,12,36,21,0,3,0
2020,4,16,12,36,21,0,3,0
2020,4,16,12,36,21,0,3,0
2020,4,16,12,36,21,0,3,0
2020,4,16,12,36,21,0,3,0
2020,4,16,12,36,21,0,3,0
2020,4,16,12,36,21,0,2,0
2020,4,16,12,36,21,0,2,0
2020,4,16,12,36,21,0,2,0
2020,4,16,12,36,21,0,2,0
2020,4,16,12,36,21,0,2,0
2020,4,16,12,36,21,0,2,0
2020,4,16,12,36,21,0,3,0
2020,4,16,12,36,21,0,3,0
2020,4,16,12,36,21,0,3,0
2020,4,16,12,36,22,0,3,0
2020,4,16,12,36,22,0,3,0
2020,4,16,12,36,22,0,3,0
2020,4,16,12,36,22,0,3,0
2020,4,16,12,36,22,0,3,0
2020,4,16,12,36,22,0,3,0
2020,4,16,12,36,22,0,3,0
2020,4,16,12,36,22,0,3,0
2020,4,16,12,36,22,0,3,0
2020,4,16,12,36,22,0,2,0
2020,4,16,12,36,22,0,2,0
2020,4,16,12,36,22,0,2,0
2020,4,16,12,36,22,0,2,0
2020,4,16,12,36,22,0,3,0
2020,4,16,12,36,22,0,3,0
2020,4,16,12,36,22,0,3,0
2020,4,16,12,36,22,0,2,0
2020,4,16,12,36,22,0,2,0
2020,4,16,12,36,22,0,1,0
2020,4,16,12,36,22,0,2,0
2020,4,16,12,36,22,0,2,0
2020,4,16,12,36,22,0,2,0
2020,4,16,12,36,22,0,2,0
2020,4,16,12,36,22,0,3,0
2020,4,16,12,36,22,0,3,0
2020,4,16,12,36,22,0,3,0
2020,4,16,12,36,22,0,2,0
2020,4,16,12,36,22,0,2,0
2020,4,16,12,36,23,0,2,0
2020,4,16,12,36,23,0,2,0
2020,4,16,12,36,23,0,2,0
2020,4,16,12,36,23,0,2,0
2020,4,16,12,36,23,0,3,0
2020,4,16,12,36,23,0,3,0
2020,4,16,12,36,23,0,3,0
2020,4,16,12,36,23,0,3,0
2020,4,16,12,36,23,0,3,0
2020,4,16,12,36,23,0,3,0
2020,4,16,12,36,23,0,3,0
2020,4,16,12,36,23,0,3,0
2020,4,16,12,36,23,0,3,0
2020,4,16,12,36,23,0,3,0
2020,4,16,12,36,23,0,3,0
2020,4,16,12,36,23,0,3,0
2020,4,16,12,36,23,0,2,0
2020,4,16,12,36,23,0,2,0
2020,4,16,12,36,23,0,3,0
2020,4,16,12,36,23,0,3,0
2020,4,16,12,36,23,0,3,0
2020,4,16,12,36,23,0,2,0
2020,4,16,12,36,23,0,2,0
2020,4,16,12,36,23,0,3,0
2020,4,16,12,36,23,0,3,0
2020,4,16,12,36,23,0,3,0
2020,4,16,12,36,23,0,1,0
2020,4,16,12,36,23,0,2,0
2020,4,16,12,36,23,0,2,0
2020,4,16,12,36,23,0,3,0
2020,4,16,12,36,23,0,3,0
2020,4,16,12,36,23,0,3,0
2020,4,16,12,36,24,0,2,0
2020,4,16,12,36,24,0,2,0
2020,4,16,12,36,24,0,2,0
2020,4,16,12,36,24,0,2,0
2020,4,16,12,36,24,0,2,0
2020,4,16,12,36,24,0,2,0
2020,4,16,12,36,24,0,2,0
2020,4,16,12,36,24,0,2,0
2020,4,16,12,36,24,0,2,0
2020,4,16,12,36,24,0,2,0
2020,4,16,12,36,24,0,3,0
2020,4,16,12,36,24,0,3,0
2020,4,16,12,36,24,0,3,0
2020,4,16,12,36,24,0,3,0
2020,4,16,12,36,24,0,3,0
2020,4,16,12,36,24,0,3,0
2020,4,16,12,36,24,0,2,0
2020,4,16,12,36,24,0,2,0
2020,4,16,12,36,24,0,3,0
2020,4,16,12,36,24,0,3,0
2020,4,16,12,36,24,0,3,0
2020,4,16,12,36,24,0,2,0
2020,4,16,12,36,24,0,2,0
2020,4,16,12,36,24,0,3,0
2020,4,16,12,36,24,0,3,0
2020,4,16,12,36,24,0,3,0
2020,4,16,12,36,24,0,2,0
2020,4,16,12,36,24,0,2,0
2020,4,16,12,36,25,0,2,0
2020,4,16,12,36,25,0,2,0
2020,4,16,12,36,25,0,3,0
2020,4,16,12,36,25,0,3,0
2020,4,16,12,36,25,0,3,0
2020,4,16,12,36,25,0,2,0
2020,4,16,12,36,25,0,2,0
2020,4,16,12,36,25,0,1,0
2020,4,16,12,36,25,0,3,0
2020,4,16,12,36,25,0,3,0
2020,4,16,12,36,25,0,3,0
2020,4,16,12,36,25,0,3,0
2020,4,16,12,36,25,0,3,0
2020,4,16,12,36,25,0,3,0
2020,4,16,12,36,25,0,2,0
2020,4,16,12,36,25,0,2,0
2020,4,16,12,36,25,0,3,0
2020,4,16,12,36,25,0,3,0
2020,4,16,12,36,25,0,3,0
2020,4,16,12,36,25,0,3,0
2020,4,16,12,36,25,0,3,0
2020,4,16,12,36,25,0,3,0
